Final_Name,Alt_Name,Inst_final,z,z_src,CIV_blue_tvm,CIV_EW_tvm,_RA,_DE,Sul_Name,SDSS_NAME,PLATE,MJD,FIBERID,F1450_spec (erg/s/cm2/A),S2N_1450A,CIVgood_manmask,F1550_sul07,c1_2_sul07,log M_BH,+err(log M_BH),-err(log M_BH),MBH_source,MBH_source_qual,logEddRatio,EddRatio_Source,EddRatio_Source_qual,LBol,LBol Source,LBol_Source_qual,logLEdd,logLEdd_Source,logLEdd_Source_qual,F2500 (ergs/s/cm2/A),F2500_change,logLbol_2500 (erg/s),logLedd (erg/s),logEddRatio_2500,CIV_Distance,Spec_Name
1H 0707-495,2MASS J07084147-4933063,STIS,0.0408,Sul,1437.4822521104,6.09512166756493,107.17305,-49.5518416666667,J07086-4933,,,,,1.22497378701229E-14,14.0528654479502,1,2.69,-2032.0,6.3,,,Done&Jin2016,2.0,,,,,,,,,,6.78522077892009E-15,6.78522077892009E-15,44.2958997691673,44.4003705451176,-0.104470775950311,0.896653472753373,J07086-4933
1H 1613-097,2MASS J16151905-0936132,HSLA,0.06496,https://arxiv.org/pdf/2108.11958.pdf,59.3812117613829,68.5700311605491,243.829,-9.60369,,,,,,3.81260826126406E-15,25.3718124491728,1,,,6.94,,,https://doi.org/10.1051/0004-6361/201832678,2.0,0.252853031,https://doi.org/10.1051/0004-6361/201832678,2.0,,,,,,,2.59139083233192E-15,2.59139083233192E-15,44.2968811276642,45.0403705451176,-0.743489417453333,0.395527351812605,1H1613-097
2E 1013,PKS 0420-01,FOS,0.915,Sul,-78.7812685546023,58.892012636094,65.8158363888889,-1.34251805555556,J04232-0120,,,,,3.78851677984876E-16,17.908756231956,1,0.48,181.0,9.03,,,Woo&Urry2002,2.0,,,,,,,,,,2.51515369171738E-16,2.51515369171738E-16,45.8772649369908,47.1303705451176,-1.25310560812672,0.432296828083621,J04232-0120
2E 1135,PKS 0439-43,FOS,0.5938,Sul,335.512559052064,68.3754727143702,70.3221666666667,-43.2292777777778,J04412-4313,,,,,2.30191019560749E-15,9.40488692402819,1,0.83,-7.0,8.08,,,Kelly&Bechtold2007,2.0,,,,,,,,,,1.22959376850609E-15,1.22959376850609E-15,46.1033346757799,46.1803705451176,-0.0770358693377062,0.396814596394335,J04412-4313
2E 1644,IRAS L06229-6434,HSLA,0.129,https://arxiv.org/pdf/1710.10703.pdf,-493.636574850928,80.7748767540228,95.782,-64.6058,,,,,,8.0070886221097E-15,36.5997695516011,0,,,7.8,,,BASS-DR2 (Koss+2022),2.0,-0.44,BASS-DR2 (Koss+2022),,45.54,BASS-DR2 (Koss+2022),,,,,5.85858384921094E-15,5.85858384921094E-15,45.271567994887,45.9003705451176,-0.628802550230532,0.352018484950131,IRAS-L06229-6434
2E 2889,PKS 1252+11,FOS,0.8737,Sul,1162.37705552831,12.281425515905,193.659401666667,11.6849622222222,J12546+1141,125438.25+114105.8,1695.0,53473.0,217.0,1.67517688611005E-15,14.1825337217186,1,1.17,-1567.0,8.92,0.02,0.02,Rakshit+2020 (MgII),2.5,,,,,,,,,,9.20181994170859E-16,9.20181994170859E-16,46.3843516482215,47.0203705451176,-0.636018896896069,0.801316168721351,J12546+1141
2E 3345,PKS 1451-37,FOS,0.314,Sul,-701.286883341517,139.46322164776,223.614207222222,-37.7925402777778,J14544-3747,,,,,1.71349364290464E-15,6.94688233505123,1,0.59,777.0,8.82,,,Woo&Urry2002,2.0,,,,,,,,,,1.08311535133169E-15,1.08311535133169E-15,45.4008874412318,46.9203705451176,-1.51948310388578,0.210292856501706,J14544-3747
2E 4226,ESO 141-55,HSLA,0.037109,NED,128.443090585211,56.7826568644483,290.309,-58.6703,,,,,,7.23250030136542E-14,66.8725408641116,1,,,7.99,,,BASS-DR2 (Koss+2022),2.0,-1.09,BASS-DR2 (Koss+2022),,45.08,BASS-DR2 (Koss+2022),,45.14,Koss+17,1.5,4.05658180760213E-14,4.05658180760213E-14,44.9787239196469,46.0903705451176,-1.11164662547071,0.444948576838678,ESO-141-55
2E 935,PKS 0403-13,FOS,0.5705,Sul,-701.286883341517,89.4293219388578,61.3916991666667,-13.1371569444444,J04055-1308,,,,,1.16920530487701E-15,21.1071382885753,1,0.65,560.0,9.12,,,BASS-DR2 (Koss+2022),2.0,-0.16,BASS-DR2 (Koss+2022),,47.14,BASS-DR2 (Koss+2022),,,,,7.50559013494454E-16,7.98E-16,45.8764663919128,47.2203705451176,-1.34390415320477,0.325265251726507,J04055-1308
2MASS J00481898+3941116,1RXSÂ J004819.6+394110,HSLA,0.135,"Borisov, Voikhanskaya & Fabrika 1991",128.443090585211,48.5469495403264,12.0791,39.6866,,,,,,8.12781615410735E-15,52.5159962010099,1,,,,,,,,,,,,,,,,,5.44361676245301E-15,5.44361676245301E-15,45.2823491603706,,,0.479719211898922,QSO0045+3926
2MASS J10053274-2417161,1RXSÂ J100532.6-241708,HSLA,0.154,https://arxiv.org/pdf/1710.10703.pdf,1299.95869582056,40.9079549852482,151.386,-24.2878,,,,,,1.28171352705898E-15,7.96660294702529,0,,,,,,,-1.0,,,-1.0,,,,,,,7.76689330716718E-16,7.76689330716718E-16,44.5709250100616,,,0.623083708267276,2MASX-J10053271-2417161
3C 057,PKS 0159-11,FOS,0.6713,Sul,1231.16787567441,8.13092121915716,30.48825,-11.5426388888889,J02019-1132,,,,,5.28084595451543E-15,41.7354180851906,1,2.64,-1531.0,8.01,0.47,0.47,Kelly&Bechtold2007,2.0,,,,,,KB07 has L_1549,,,,2.62029132765387E-15,2.62029132765387E-15,46.5555898763228,46.1103705451176,0.445219331205216,0.852867624803042,3C057
3C 095,PKS 0349-14,FOS,0.616,Sul,-217.001832872948,27.6488395821482,57.8690833333333,-14.4856111111111,J03514-1429,,,,,6.83372601675887E-15,14.1902562071281,1,3.94,-78.0,8.92,0.43,0.43,Kelly&Bechtold2008,2.0,,,,,,,,,,3.59814007578841E-15,3.59814007578841E-15,46.6017432587587,47.0203705451176,-0.41862728635882,0.540794296281686,3C095
3C 110,PKS 0414-06,FOS,0.7744,Sul,-701.286883341517,61.731114328287,64.3199166666667,-5.896,J04172-0553,,,,,3.17898631257013E-15,23.919197052379,1,2.02,983.0,9.04,0.45,0.45,Kelly&Bechtold2009,2.0,,,,,,,,,,1.81137690150542E-15,1.81137690150542E-15,46.5473457162228,47.1403705451176,-0.593024828894762,0.421164973065394,3C110
3C 207,PKS 0838+13,FOS,0.6804,Sul,-78.7812685546023,78.2315035822786,130.198285,13.2065455555556,J08407+1312,084047.58+131223.5,2426.0,53795.0,625.0,4.76653335593803E-16,6.54009034127085,1,0.35,425.0,8.06,0.43,0.43,Kelly&Bechtold2010,2.0,,,,46.59,Daly2019,1.5,,,,3.53051187093891E-16,4.052E-16,45.769625153897,46.1603705451176,-0.390745391220555,0.361136467404051,3C207
3C 215,PKS 0903+16,FOS,0.4113,Sul,-9.68066706248958,154.115589834112,136.63275,16.7699722222222,J09065+1646,,,,,6.33539202907991E-16,13.0118545063836,1,0.15,28.0,8.35,,,Shields+2003,2.0,,,,46.13,Daly2019,1.5,46.41,Daly2019,1.5,4.04162957082548E-16,4.04162957082548E-16,45.2491935875947,46.4503705451176,-1.20117695752292,0.185856663525229,3C215
3C 232,FBQS J0958+3224,FOS,0.5298,Sul,-839.797867671753,26.4173745449514,149.58729,32.4006138888889,J09583+3224,095820.94+322402.2,10450.0,58142.0,541.0,2.79124695131023E-15,12.8512171117514,1,43.4,969.0,7.48,0.43,0.43,Kelly&Bechtold2010,2.0,,,,,,,,,,1.84432570519403E-15,1.84432570519403E-15,46.1589417600771,45.5803705451176,0.578571214959553,0.507637762166239,3C232
3C 249.1,PG 1100+772,FOS,0.3116,Sul,128.443090585211,85.4244868368187,166.057823888889,76.982825,J11042+7658,,,,,6.44148487761306E-15,9.55555311244533,1,1.32,3.0,8.44,0.43,0.43,Kelly&Bechtold2007,2.0,,,,,,,,,,3.60037547660222E-15,3.60037547660222E-15,45.9081141720076,46.5403705451176,-0.632256373109918,0.338802773911036,PG1100+772
3C 254,2E 2426,FOS,0.7367,Sul,-147.881870046715,126.637237156196,168.661308333333,40.6223025,J11146+4037,111438.71+403720.3,1439.0,53003.0,114.0,6.29974148256863E-16,17.756271857136,1,0.28,166.0,9.82,,,Woo&Urry2002,2.0,,,,47.25,Daly2019,1.5,47.41,Daly2019,1.5,4.31376157277776E-16,4.31376157277776E-16,45.8798572934245,47.9203705451176,-2.04051325169308,0.236381013358067,3C254
3C 263,PG 1137+660,FOS,0.6465,Sul,266.508764230596,55.5928561622798,174.987601388889,65.7970883333333,J11399+6547,,,,,5.12346655293758E-15,10.6200119706119,1,1.82,-210.0,7.6,0.43,0.43,Kelly&Bechtold2010,2.0,,,,47.21,Daly2019,1.5,47.25,Daly2019,1.5,2.5894493113534E-15,2.5894493113534E-15,46.511158275804,45.7003705451176,0.81078773068645,0.457059441249996,3C263
3C 273,PKS 1226+02,FOS,0.1583,Sul,749.225546634994,13.6255963556411,187.277896388889,2.05240638888889,J12291+0203,,,,,1.22798403986844E-13,18.1469758651104,1,29.17,-552.0,8.838866957,0.07704979185,0.1130119206,Bentz & Katz 2015,1.0,0.3,BASS-DR2 (Koss+2022),,47.31,BASS-DR2 (Koss+2022),,,,,7.81706820203458E-14,7.81706820203458E-14,46.5733773569893,46.9392375021176,-0.365860145128266,0.752582578326048,3C273
3C 277.1,2E 2879,FOS,0.32,Sul,-147.881870046715,90.8834486155793,193.109810833333,56.5721305555555,J12524+5634,125226.35+563419.6,1317.0,52765.0,20.0,1.64025134224291E-15,17.6801512689453,1,0.29,20.0,8.42,,,Woo&Urry2002,2.0,,,,,,,,,,9.60014099092425E-16,9.60014099092425E-16,45.3679764600868,46.5203705451176,-1.15239408503078,0.32221877288308,SBS1250+568
3C 281,PKS 1305+06,FOS,0.599,Sul,59.3812117613829,75.748466061995,196.974725,6.703885,J13079+0642,130753.92+064213.9,1795.0,54507.0,239.0,1.02714017728016E-15,7.92040932897265,1,0.52,140.0,9.336638284,0.02973436854,0.02973436854,Shen+07,2.0,-1.008482217,Shen+07,2.0,46.42852661,Shen+07,2,,,,5.97911263176447E-16,5.97911263176447E-16,45.8033790244024,47.4370088291176,-1.63362980471516,0.369761006101642,3C281
3C 323.1,PG 1545+210,FOS,0.2659,Sul,-9.68066706248958,144.21688106093,236.931406666667,20.8712808333333,J15477+2052,154743.53+205216.6,2168.0,53886.0,484.0,5.17862991355482E-15,5.60255798707312,1,0.99,-78.0,8.88,,,BASS-DR2 (Koss+2022),2.0,-0.95,BASS-DR2 (Koss+2022),,46.11,BASS-DR2 (Koss+2022),,,,,2.76800412799703E-15,2.76800412799703E-15,45.6391339567086,46.9803705451176,-1.34123658840899,0.20301992461494,PG1545+210
3C 334,PKSÂ 1618+177,FOS,0.5556,Sul,266.508764230596,65.0974483815445,245.090910555556,17.6066530555556,J16203+1736,162021.81+173623.9,2969.0,54586.0,180.0,3.32543260951777E-15,13.7550480048164,1,1.31,-67.0,8.22,0.43,0.43,Kelly&Bechtold2010,2.0,,,,47.81,Daly2019,1.5,46.91,Daly2019,1.5,1.70392133300939E-15,1.70392133300939E-15,46.1741696416817,46.3203705451176,-0.146200903435876,0.409386685142564,3C334
3C 336,PKS 1622+23,FOS,0.927,Sul,-147.881870046715,88.011089960085,246.162853055556,23.7533841666667,J16246+2345,162439.08+234512.1,1574.0,53476.0,44.0,3.91714599371839E-16,20.9140562383218,1,0.42,638.0,9.25,0.05,0.05,Rakshit+2020 (MgII),2.5,,,,47.31,Daly2019,1.5,47.0,Daly2019,1.5,2.78522497479476E-16,2.78522497479476E-16,45.9347684722505,47.3503705451176,-1.41560207286707,0.330521500435238,3C336
3C 345,PKS 1641+399,FOS,0.5931,Sul,-9.68066706248958,138.92709611888,250.745041388889,39.8102761111111,J16429+3948,164258.80+394837.0,6038.0,56090.0,144.0,3.34286039517219E-16,2.94770339487898,1,0.55,250.0,8.01,0.32,0.43,Kelly&Bechtold2010,2.0,,,,47.32,BASS-DR2 (Koss+2022),,,,,2.168479020167E-16,2.532E-16,45.4248009141265,46.1103705451176,-0.685569630991111,0.212695713054265,3C345
3C 351.0,PG 1704+60,STIS,0.372,Sul,-562.833983013642,22.9776434673622,256.172371666667,60.7418138888889,J17046+6044,170441.38+604430.5,353.0,51703.0,377.0,7.02334860615454E-15,7.25949271563712,0,2.0,-200.0,7.37,0.44,0.44,Kelly&Bechtold2007,2.0,,,,,,,,,,3.84041478204732E-15,3.84041478204732E-15,46.1127688715066,45.4703705451176,0.642398326389049,0.539756811049347,SBS1704+608
3C 390,3C 390.3,FOS,0.0555,Sul,887.000800268488,251.046161944175,280.537458055556,79.7714244444444,J18421+7946,,,,,3.96389570608438E-15,9.07064617829736,1,0.59,-1285.0,8.710650375,0.03251363974,0.03618712696,Bentz & Katz 2015,1.0,-1.1,BASS-DR2 (Koss+2022),,46.64,Daly2019,1.5,45.24,Daly2019,1.5,8.71454703510796E-16,8.71454703510796E-16,43.689122387287,46.8110209201176,-3.1218985328306,0.0614230206248206,3C390
3C 454,PKS 2251+158,FOS,0.8586,Sul,197.485608074964,28.085995366085,343.490616666667,16.1482113888889,J22539+1608,,,,,1.45157334874811E-15,19.8852025721608,1,1.6,-295.0,9.17,,,Woo&Urry2002 (name typo 2251+158 --> 185?),2.0,,,,48.5,BASS-DR2 (Koss+2022),,,,,8.89997082145362E-16,8.89997082145362E-16,46.3516344089333,47.2703705451176,-0.918736136184229,0.574273084590041,3C454
4C -01.61,PG 2349-014,FOS,0.174,Sul,955.869065751115,191.700797877747,357.983833888889,-1.15367972222222,J23519-0109,235156.12-010913.3,9208.0,57688.0,698.0,3.1573488192806E-15,4.14664345119443,1,0.38,-1166.0,8.7,,,BASS-DR2 (Koss+2022),2.0,-0.88,BASS-DR2 (Koss+2022),,45.99,BASS-DR2 (Koss+2022),,,,,1.66818558193205E-15,1.66818558193205E-15,45.0137564760136,46.8003705451176,-1.78661406910393,0.131341855489033,J23519-0109
4C -03.79,PB 7136,FOS,0.901,Sul,-217.001832872948,59.1031710892528,334.716823888889,-3.5935775,J22188-0335,,,,,1.20559954462252E-15,9.97460078887883,1,0.95,1198.0,9.24,,,Woo&Urry2002,2.0,,,,,,,,,,6.48849418628101E-16,6.48849418628101E-16,46.2671412141544,47.3403705451176,-1.07322933096314,0.430235344152928,J22188-0335
4C 01.04,PG 0137+012,FOS,0.26,Sul,-1047.68051217183,327.476840346093,24.9888416666667,1.52949166666667,J01399+0131,,,,,5.58846064476876E-16,3.75336347884694,1,0.13,1930.0,9.05,,,McLure&Dunlop2001,2.0,,,,,,,,,,3.68318796787972E-16,3.68318796787972E-16,44.7527156014064,47.1503705451176,-2.3976549437112,0.0,UM355
4C 09.72,PG 2308+099,FOS,0.4341,Sul,-217.001832872948,68.528456503156,347.82375,10.1375,J23112+1008,,,,,3.85484419809788E-15,14.4952629003425,1,1.32,-73.0,9.592,0.098,0.126,Vestergaard&Peterson2006,2.0,,,,,,,,,,2.4819463920885E-15,2.4819463920885E-15,46.0819209943736,47.6923705451176,-1.61044955074396,0.395119724361723,J23112+1008
4C 09.74,PG 2344+092,FOS,0.6719,Sul,266.508764230596,47.570288497864,356.653493888889,9.51264305555555,J23466+0930,,,,,2.60072230708931E-15,13.1845636943378,1,1.76,-111.0,9.31,,,Woo&Urry2002,2.0,,,,,,,,,,1.49429475375963E-15,1.49429475375963E-15,46.3158067906359,47.4103705451176,-1.09456375448166,0.493816245661349,J23466+0930
4C 10.06,PKSÂ 0214+10,FOS,0.408,Sul,335.512559052064,51.5472403105823,34.2819805555556,11.0694216666667,J02171+1104,,,,,2.19812104503883E-15,5.5193617224977,1,1.3,-214.0,8.69,0.43,0.43,Kelly&Bechtold2007,2.0,,,,,,,,,,1.35666165836701E-15,1.35666165836701E-15,45.7600534724725,46.7903705451176,-1.03031707264508,0.482176335710772,J02171+1104
4C 11.72,PG 2251+113,FOS,0.3256,Sul,266.508764230596,56.1682713168966,343.543443055556,11.6107286111111,J22541+1136,,,,,4.27739731697523E-15,8.53716680773996,1,1.39,-399.0,7.59,0.43,0.43,Kelly&Bechtold2007,2.0,,,,,,,,,,2.67231155564125E-15,3.767E-15,45.9711731962098,45.6903705451176,0.280802651092266,0.454012798092645,J22541+1136
4C 15.01,PG 0003+158,FOS,0.4504,Sul,59.3812117613829,43.3670671119667,1.49680666666667,16.1636072222222,J00059+1609,,,,,7.2505306651309E-15,16.9967226513061,1,2.53,35.0,8.38,0.43,0.43,Kelly&Bechtold2007,2.0,,,,,,,,,,4.47093084987444E-15,4.47093084987444E-15,46.371757760427,46.4803705451176,-0.108612784690557,0.495139498604282,PG0003+158
4C 16.30,PKS 1104+167,FOS,0.632,Sul,-78.7812685546023,68.1854225021411,166.8126975,16.4672902777778,J11072+1628,110715.04+162802.2,2491.0,53855.0,252.0,5.5014571279197E-15,14.2468574030209,1,2.23,399.0,8.04,0.45,0.45,Kelly&Bechtold2007,2.0,,,,,,,,,,2.96610129305045E-15,2.96610129305045E-15,46.5456842256358,46.1403705451176,0.405313680518226,0.396707326012524,J11072+1628
4C 19.44,PG 1354+19,FOS,0.7197,Sul,-78.7812685546023,64.0203046791905,209.2684875,19.3186997222222,J13570+1919,135704.43+191907.3,2756.0,54508.0,579.0,2.70176292785966E-15,10.8288044679567,1,1.66,401.0,9.44,,,Woo&Urry2002,2.0,,,,,,,,,,1.61322746786466E-15,1.61322746786466E-15,46.4206702977078,47.5403705451176,-1.11970024740974,0.413012424047771,J13570+1919
4C 31.63,PG 2201+315,FOS,0.2952,Sul,197.485608074964,15.3740263738799,330.812398611111,31.7606319444444,J22032+3145,,,,,1.18068270115325E-14,13.342888754358,1,4.9,-180.0,8.52,,,BASS-DR2 (Koss+2022),2.0,-0.26,BASS-DR2 (Koss+2022),,46.44,BASS-DR2 (Koss+2022),,,,,5.59170553037139E-15,5.59170553037139E-15,46.0432977708045,46.6203705451176,-0.577072774313081,0.678633370517885,J22032+3145
4C 37.43,PG 1512+37,FOS,0.371,Sul,680.318558484126,73.9786492138134,228.679454166667,36.8473366666667,J15147+3650,151443.06+365050.4,10743.0,58222.0,410.0,6.25136341287608E-15,10.1608208842011,1,1.56,-622.0,9.373,0.085,0.106,Vestergaard&Peterson2006,2.0,,,,,,,,,,3.41627080798809E-15,3.41627080798809E-15,46.0599009971746,47.4733705451176,-1.41346954794301,0.377141208370227,J15147+3650
4C 39.25,1ES 0923+39.2,FOS,0.6953,Sul,-978.366936004349,39.4602513155309,141.762558055556,39.0391255555556,J09270+3902,092703.01+390220.8,8832.0,57445.0,384.0,1.90277140887336E-15,25.5715285917166,1,1.13,1240.0,9.28,,,Woo&Urry2002,2.0,,,,,,,,,,1.40573343723692E-15,1.40573343723692E-15,46.3254778750247,47.3803705451176,-1.05489267009283,0.464731222055518,J09270+3902
4C 49.22,PKS 1150+497,FOS,0.3336,Sul,-493.636574850928,133.052991519195,178.351944444444,49.5191194444444,J11534+4931,115324.46+493108.7,6677.0,56385.0,646.0,2.0419170410518E-15,9.21914613088384,1,0.55,536.0,8.38,,,BASS-DR2 (Koss+2022),2.0,-0.02,BASS-DR2 (Koss+2022),,46.53,BASS-DR2 (Koss+2022),,,,,1.34221213232603E-15,1.34221213232603E-15,45.5530545831693,46.4803705451176,-0.92731596194831,0.222886399326281,SBS1150+497
4C 61.20,FBS 1049+617,FOS,0.4207,Sul,-424.458528022291,38.2518028227712,163.136450833333,61.4225119444444,J10525+6125,105232.74+612520.9,7096.0,56683.0,930.0,3.97557969010339E-15,9.03190368183584,1,1.17,179.0,9.1,0.09,0.09,Brotherton+2015,2.0,,,,,,,,,,2.05130497811605E-15,2.05130497811605E-15,45.9683579848704,47.2003705451176,-1.23201256024714,0.485991156407166,J10525+6125
4C 63.15,SDSS J115839.90+625428.0,FOS,0.5924,Sul,-217.001832872948,32.1651292460715,179.666293333333,62.9077425,J11586+6254,115839.90+625427.9,777.0,52320.0,588.0,3.01789207730844E-15,14.1668341091491,1,4.46,-620.0,7.45,0.51,0.51,Kelly&Bechtold2007,2.0,,,,,,,,,,1.65113291637935E-15,1.65113291637935E-15,46.2272240009828,45.5503705451176,0.676853455865185,0.52018935584621,J11586+6254
4C 73.18,PG 1928+738,FOS,0.3021,Sul,59.3812117613829,74.6169437936193,291.952063333333,73.9671027777778,J19278+7358,,,,,4.03571628279872E-15,17.336429238861,1,2.11,209.0,8.34,,,BASS-DR2 (Koss+2022),2.0,-0.07,BASS-DR2 (Koss+2022),,46.45,BASS-DR2 (Koss+2022),,,,,2.22917882702481E-15,3.2E-15,45.8269161230875,46.4403705451176,-0.613454422030017,0.373665647999556,J19278+7358
6C 134441+623604,SDSS J134617.54+622045.7,HSLA,0.11674,DR16,197.485608074964,667.944368214038,206.573,62.3459,,134617.54+622045.5,604.0,52079.0,90.0,1.17629747479447E-16,0.309823344628847,0,,,8.6,0.03,0.03,Rakshit+2020,2.0,,,,,,,,,,8.65958388259777E-17,8.65958388259777E-17,43.3728210596894,46.7003705451176,-3.32754948542816,0.0,NEWQZ003
7C 1156+2123,2MASS J11592621+2106558,FOS,0.349,Sul,749.225546634994,77.9697859428073,179.8591875,21.1154966666667,J11594+2106,115926.20+210655.8,2643.0,54208.0,296.0,2.42475258861449E-15,10.8074080870932,1,0.6,-614.0,8.69,0.43,0.43,Kelly&Bechtold2007,2.0,,,,,,,,,,1.33754269966521E-15,1.33754269966521E-15,45.5966521385007,46.7903705451176,-1.19371840661686,0.363689502491149,J11594+2106
7C 1821+6419,1ES 1821+64.3,FOS,0.2972,Sul,-78.7812685546023,50.6413541341199,275.488485555556,64.3433961111111,J18219+6420,,,,,3.11325593508513E-14,21.6548038263275,1,7.81,457.0,9.23,,,BASS-DR2 (Koss+2022),2.0,-0.81,BASS-DR2 (Koss+2022),,46.59,BASS-DR2 (Koss+2022),,,,,1.90627594249823E-14,1.90627594249823E-14,46.5756311874763,47.3303705451176,-0.754739357641235,0.460966266041944,J18219+6420
Ark 120,Mrk 1095,FOS,0.0323,Sul,59.3812117613829,89.4630318012227,79.0474791666667,-0.149902777777778,J05161-0008,,,,,3.10863964233413E-14,12.5376561812492,1,9.86,-236.0,8.06802229,0.04849268685,0.0632704026,Bentz & Katz 2015,1.0,-1.18,BASS-DR2 (Koss+2022),,45.06,BASS-DR2 (Koss+2022),,,,,2.30700673227891E-14,2.723E-14,44.6858688945907,46.1683928351176,-1.4825239405269,0.326702674842773,Ark120
Ark 564,UGC 12163,STIS,0.0245,Sul,335.512559052064,6.36075243755477,340.6637875,29.7254305555556,J22426+2943,,,,,6.72244923908472E-15,10.4925286612286,1,1.16,-61.0,6.4,0.0,0.0,Giustini & Proga 2019 (Ark 564),2.0,0.04139268516,Giustini & Proga 2019,,,,,,,,4.43268841704551E-15,4.43268841704551E-15,43.665918525255,44.5003705451176,-0.834452019862518,0.812513796635698,UGC12163
Crt A,PKS 1136-136,FOS,0.5562,Sul,-355.280481193698,79.7515195581402,174.7946125,-13.8454405555556,J11391-1350,,,,,2.93814746610236E-15,13.6101282898757,1,1.17,674.0,8.78,,,Woo&Urry2002,2.0,,,,,,,,,,1.59847414713044E-15,1.59847414713044E-15,46.1479068992784,46.8803705451176,-0.732463645839154,0.355601315702611,J11391-1350
ESO 31-8,1H 0307-722,HSLA,0.027619,NED,266.508764230596,40.3123949195913,46.8979,-72.834,,,,,,4.91745752223024E-15,18.5097996221543,1,,,6.315970345,,,Chen+18,2.0,-0.7695510786,Chen+18,,44.18,BASS-DR2 (Koss+2022),,,,,2.68923313330354E-15,2.68923313330354E-15,43.5564372981074,44.4163408901176,-0.859903592010156,0.523467746497833,ESO-031--G-008
ESO 462-9,IRAS 20186-3127,HSLA,0.019277,NED,-217.001832872948,79.3986096574294,305.465,-31.2897,,,,,,2.25279603434153E-15,20.1563002472422,1,,,,,,,,,,,,,,,,,1.14175815474289E-15,1.14175815474289E-15,42.8756576973756,,,0.357038738818877,ESO462-G09
ESO 499-41,1RXS J100554.9-230318,HSLA,0.012816,NED,-217.001832872948,87.7348579735607,151.481,-23.0568,,,,,,1.0160299418638E-15,11.507007306418,0,,,5.91,,,BASS-DR2 (Koss+2022),2.0,-0.49,BASS-DR2 (Koss+2022),,43.59,BASS-DR2 (Koss+2022),,43.64,Koss+17,1.5,8.28968212535355E-16,8.28968212535355E-16,42.3843219889284,44.0103705451176,-1.62604855618922,0.331186576802466,ESO-499-G-041
Fairall 9,1H 0122-590,FOS,0.0461,Sul,-9.68066706248958,156.276333033087,20.9406180555556,-58.8057355555556,J01237-5848,,,,,2.91601242880078E-14,20.1647617801527,1,2.41,234.0,8.298946724,0.07838916528,0.1158826647,Bentz & Katz 2015,1.0,-1.23,BASS-DR2 (Koss+2022),,45.24,BASS-DR2 (Koss+2022),,,,,1.86707384349394E-14,2.0E-14,44.8672113226591,46.3993172691176,-1.53210594645847,0.182252378696389,Fairall9
FBQS J0012-1022,SDSS J001224.01-102226.5,HSLA,0.228,DR16,887.000800268488,47.736100948597,3.1001,-10.374,,001224.01-102226.5,7169.0,56628.0,344.0,1.03191015344687E-15,1.09267546085843,1,,,8.49,0.18,0.18,Rakshit+2020,2.0,,,,,,,,,,5.56158912321739E-16,5.56158912321739E-16,44.801659543099,46.5903705451176,-1.78871100201852,0.554303861882891,SDSSJ001224.01-102226.5
FBQS J0745+3142,4C 31.30,FOS,0.4611,Sul,197.485608074964,109.772218855111,116.423631111111,31.7157269444444,J07456+3142,074541.66+314256.6,755.0,52235.0,46.0,2.635873494365E-15,12.0057090549169,1,1.28,258.0,8.27,0.43,0.43,Kelly&Bechtold2010,2.0,,,,,,,,,,1.88253364295077E-15,1.88253364295077E-15,46.0250130951794,46.3703705451176,-0.345357449938206,0.274054371450016,FBQSJ074541.6+314256
FBQS J1010+3003,Ton 488,HSLA,0.256429,DR16,2329.84614193149,12.6285055441784,152.503,30.0561,,101000.68+300321.5,10451.0,58141.0,180.0,,,1,,,7.649731955,0.2731291489,0.1867320416,Bentz & Katz 2015,1.0,,Spectra 1450A,,,,,,,,1.43429558883542E-15,1.43429558883542E-15,45.3218869298146,45.7501025001176,-0.428215570302967,0.904699385575279,FBQSJ1010+3003
FBQS J1010+4132,4C 21.21,FOS,0.6126,Sul,59.3812117613829,75.7836377658785,152.614698333333,41.5441813888889,J10104+4132,101027.52+413239.0,8302.0,57389.0,717.0,4.85303330565207E-15,15.9264570535128,1,1.83,59.0,7.99,0.43,0.43,Kelly&Bechtold2007,2.0,,,,,,,,,,2.56554696238952E-15,2.56554696238952E-15,46.4510040496652,46.0903705451176,0.360633504547614,0.36965373571983,J10104+4132
FBQS J1030+3102,7C 1028+3118,FOS,0.178,Sul,59.3812117613829,79.8286560032541,157.746190555556,31.0488102777778,J10309+3102,103059.09+310255.7,10460.0,58161.0,61.0,6.80007719185129E-15,21.2600136847503,1,1.25,-140.0,7.97,0.44,0.44,Kelly&Bechtold2007,2.0,,,,,,,,,,2.61528649282218E-15,3.175E-15,45.3111460874899,46.0703705451176,-0.759224457627681,0.356202029840753,J10309+3102
FBQS J1251+2404,SDSSÂ J125142.27+240435.2,HSLA,0.1885,DR16,59.3812117613829,89.5348743275721,192.926,24.0765,,125142.27+240435.2,2661.0,54505.0,197.0,1.63313252564039E-15,2.01806501943233,1,,,8.7,0.08,0.08,Rakshit+2020,2.0,,,,,,,,,,1.00175595000427E-15,1.00175595000427E-15,44.8712348731821,46.8003705451176,-1.9291356719355,0.326509588155514,NEWQZ015
HE 0132-4313,2MASS J01341690-4258262,FOS,0.237,Sul,2946.07868446189,0.592491556510799,23.5704641666667,-42.9739805555556,J01342-4258,,,,,7.17347216297032E-15,25.3306636201593,1,1.68,-2665.0,7.851258349,,,Foschini+14,2.0,-1.045757491,Foschini+14,3.0,,,,,,,4.51219253912764E-15,4.51219253912764E-15,45.7364374033174,45.9516288941176,-0.215191490800159,1.08644356089317,HE0132-4313
HS 0033+4300,LEDA 3095439,HSLA,0.12,https://arxiv.org/pdf/1506.00635.pdf,-909.072721170991,74.7523483242003,9.09575,43.2779,,,,,,1.41033890108778E-15,10.7052230762185,0,,,,,,,,,,,,,,,,,8.85593700862498E-16,8.85593700862498E-16,44.3947668175812,,,0.371219883294268,HS-0033+4300
HS 0624+6907,QSO B0624+6907,FOS,0.3702,Sul,1231.16787567441,30.3712080719801,97.5104655555555,69.0843988888889,J06300+6905,,,,,1.1502954977857E-14,12.7109095477527,1,5.95,-937.0,9.53,,,Decarli+2010,2.0,,,,,,,,,,6.15062840225889E-15,6.15062840225889E-15,46.3097517623454,47.6303705451176,-1.32061878277218,0.665584977752034,HS0624+6907
I Zw 1,Mrk 1502,FOS,0.0605,Sul,2055.57348271678,18.9773599310023,13.3955488888889,12.6933861111111,J00535+1241,,,,,1.29393055608305E-14,14.6010119324358,1,3.25,-1669.0,7.4,0.0,0.0,Giustini & Proga 2019 (IZw1),2.0,0.1461280357,Giustini & Proga 2019,,,,,,,,5.36643239845334E-15,7.2E-15,44.6711912698455,45.5003705451176,-0.829179275272047,0.824969984955854,J00535+1241
IRAS 13224-3809,1RXS J132519.4-382445,STIS,0.0667,Sul,2877.67509099828,9.32728094599378,201.330720833333,-38.4145666666667,J13253-3824,,,,,5.71992007591431E-15,12.5700369304287,1,1.18,-2764.0,7.1,,,Aoki+2005,2.0,,,,,,,,,,3.039032162269E-15,3.039032162269E-15,44.3888859395155,45.2003705451176,-0.811484605602033,0.99765303256033,J13253-3824
IRAS F04250-5718,1H 0419-577,HSLA,0.104,https://arxiv.org/pdf/1710.10703.pdf,-9.68066706248958,82.2507130337978,66.5032,-57.2003,,,,,,2.44398782463497E-14,68.0689666063902,1,,,8.34,,,BASS-DR2 (Koss+2022),2.0,-0.84,BASS-DR2 (Koss+2022),,45.68,BASS-DR2 (Koss+2022),,,,,1.63153204430728E-14,1.63153204430728E-14,45.5118408932187,46.4403705451176,-0.928529651898828,0.348328383815836,IRAS-F04250-5718
IRAS F22456-5125,2MASS J22484115-5109532,HSLA,0.1,https://arxiv.org/pdf/1710.10703.pdf,-78.7812685546023,78.3681380481692,342.172,-51.1648,,,,,,1.34919516877147E-14,41.6648891347361,1,,,7.79,,,BASS-DR2 (Koss+2022),2.0,-0.72,BASS-DR2 (Koss+2022),,45.24,BASS-DR2 (Koss+2022),,,,,9.30736320812628E-15,9.30736320812628E-15,45.2353520702194,45.8903705451176,-0.655018474898157,0.360685931800445,IRAS-F22456-5125
LBQS 0003+0146,PB 5723,FOS,0.234,Sul,542.446498180031,37.870657217027,1.44808416666667,2.05065861111111,J00057+0203,000547.54+020302.2,7852.0,56987.0,932.0,2.91249679661253E-15,13.7286010369081,1,0.55,-455.0,7.32,0.43,0.43,Kelly&Bechtold2007,2.0,,,,,,,,,,1.65274254579651E-15,1.65274254579651E-15,45.2936170194156,45.4203705451176,-0.126753525701957,0.559438391151557,LBQS0003+0146
LBQS 0017+0209,PB 5877,FOS,0.401,Sul,1918.32098510471,14.3793071332677,5.10444833333333,2.44041833333333,J00204+0226,002025.06+022625.5,7854.0,56989.0,610.0,1.24855568114126E-15,12.3953157894967,1,0.44,-2144.0,7.23,0.43,0.43,Kelly&Bechtold2007,2.0,,,,,,,,,,7.66276302403831E-16,7.66276302403831E-16,45.4976923065099,45.3303705451176,0.167321761392287,0.848572341369597,LBQS0017+0209
LBQS 0100+0205,PHL 959,FOS,0.394,Sul,197.485608074964,58.9948874702904,15.8041169444444,2.35279111111111,J01032+0221,010312.99+022109.9,7858.0,57281.0,930.0,1.96088784737934E-15,10.6799869421437,1,0.43,-427.0,8.47,0.43,0.43,Kelly&Bechtold2007,2.0,,,,,,,,,,1.12335113068726E-15,1.12335113068726E-15,45.6438365673129,46.5703705451176,-0.926533977804681,0.436478767823244,LBQS0100+0205
LBQS 0307-0101,RBS 390,HSLA,0.080447,DR16,-286.141157033345,38.075646035661,47.6158,-0.8308,,031027.82-004950.7,412.0,52258.0,129.0,4.34535634874309E-15,10.7857011160383,1,,,7.92,0.04,0.04,Rakshit+2020,2.0,,,,,,,,,,2.49478260567543E-15,2.49478260567543E-15,44.4731469618746,46.0203705451176,-1.54722358324298,0.493422876956825,SDSSJ031027.82-004950.7
LBQS 1132-0302,HE 1132-0302,FOS,0.236,Sul,1162.37705552831,16.0882574674232,173.770458333333,-3.31430555555556,J11350-0318,,,,,1.53353582996982E-15,9.90950146446515,1,0.36,-1408.0,7.07,0.43,0.43,Kelly&Bechtold2007,2.0,,,,,,,,,,1.02070873126589E-15,1.02070873126589E-15,45.0953062246926,45.1703705451176,-0.0750643204249428,0.764560328353317,LBQS1132-0302
LBQS 1138+0204,LEDA 36270,FOS,0.3821,Sul,955.869065751115,9.30089017806369,175.3406225,1.80095333333333,J11413+0148,114121.75+014803.5,514.0,51994.0,285.0,1.80145090336229E-15,12.7054784111887,1,0.54,-536.0,7.2,0.45,0.45,Kelly&Bechtold2007,3.0,-0.8784,Shen+11,,,,,,,,1.01461627769743E-15,1.01461627769743E-15,45.5692450243029,45.3003705451176,0.268874479185335,0.817490536671162,LBQS1138+0204
LBQS 1144-0115,2QZÂ J114718.0-013208,FOS,0.3827,Sul,-286.141157033345,16.556341553964,176.825250555556,-1.53527888888889,J11473-0132,114718.05-013206.9,329.0,52056.0,458.0,2.97252682139711E-16,6.17893754744711,1,0.08,-40.0,8.08,0.43,0.43,Kelly&Bechtold2007,2.0,,,,,,,,,,1.7784714334314E-16,1.7784714334314E-16,44.8244790289461,46.1803705451176,-1.35589151617147,0.61166737540488,LBQS1144-0115
LBQS 1230+0947,SDSS J123325.79+093123.3,FOS,0.4159,Sul,-147.881870046715,33.8471640521364,188.357438888889,9.52315333333333,J12334+0931,123325.78+093123.3,1233.0,52734.0,312.0,4.88777938576848E-15,14.7088865166901,1,1.36,96.0,7.98,0.43,0.43,Kelly&Bechtold2007,2.0,,,,,,,,,,2.71779893088468E-15,2.71779893088468E-15,46.077294106882,46.0803705451176,-0.00307643823555281,0.5179712219052,LBQS1230+0947
LBQS 1317-0142,HE 1317-0142,FOS,0.225,Sul,1093.54751271396,33.1041117303483,199.95975,-1.96777777777778,J13198-0158,,,,,1.2981291853467E-15,10.4310782540311,1,0.26,-1073.0,7.05,0.43,0.43,Kelly&Bechtold2007,2.0,,,,,,,,,,8.34158612668823E-16,8.34158612668823E-16,44.9625998574215,45.1503705451176,-0.18777068769608,0.637256568342923,LBQS1317-0142
LEDA 2172,2MASX J00362092+4539532,HSLA,0.047643,NED,-701.286883341517,157.686238212406,9.08718,45.6648,,,,,,8.55716583687456E-15,22.3435888097721,1,,,7.36,,,BASS-DR2 (Koss+2022),2.0,-0.79,BASS-DR2 (Koss+2022),,44.75,BASS-DR2 (Koss+2022),,,,,5.59937315723297E-15,5.59937315723297E-15,44.3507423896141,45.4603705451176,-1.10962815550345,0.178519369409378,ZW535.012
MR 2251-178,1ES 2251-17.8,HSLA,0.0638,Sul,473.481426026803,213.495419597226,343.525,-17.582,J22540-1734,,,,,2.78451903613641E-14,64.8653111216693,1,,,8.19,,,BASS-DR2 (Koss+2022),2.0,-0.52,BASS-DR2 (Koss+2022),,45.85,BASS-DR2 (Koss+2022),,,,,2.03243029410445E-14,2.03243029410445E-14,45.1634989539137,46.2903705451176,-1.12687159120384,0.102507576858317,MR2251-178
Mrk 1018,UGCÂ 1597,HSLA,0.04261,DR7,-286.141157033345,226.698894769029,31.5666,-0.291439,,,,,,5.39172237488621E-16,6.71389436402424,1,,,7.81,,,BASS-DR2 (Koss+2022),2.0,-1.02,BASS-DR2 (Koss+2022),,44.96,BASS-DR2 (Koss+2022),,,,,4.03335269922481E-16,4.03335269922481E-16,43.1244011836172,45.9103705451176,-2.7859693615004,0.0854301320740552,MRK-1018
Mrk 1044,IRAS F02276-0913,HSLA,0.0161,https://arxiv.org/pdf/1710.10703.pdf,404.496992539456,57.0493425887111,37.523,-8.99814,,,,,,2.50536012589817E-14,47.390490594934,1,,,6.45,,,BASS-DR2 (Koss+2022),2.0,-0.9,BASS-DR2 (Koss+2022),,43.72,BASS-DR2 (Koss+2022),,,,,1.55995596744069E-14,1.55995596744069E-14,43.8398861734246,44.5503705451176,-0.710484371692921,0.458062984905568,MRK-1044
Mrk 106,PG 0916+556,HSLA,0.123366,DR16,197.485608074964,36.8174809487112,139.981,55.3604,,091955.34+552137.1,451.0,51908.0,133.0,8.14831779335528E-15,33.8862342961016,1,,,8.35,,,BASS-DR2 (Koss+2022),2.0,-1.84,BASS-DR2 (Koss+2022),,44.68,BASS-DR2 (Koss+2022),,,,,5.19036242455693E-15,5.19036242455693E-15,45.1782601128464,46.4503705451176,-1.27211043227112,0.532234143572358,MRK106
Mrk 1148,PGÂ 0049+171,HSLA,0.064,https://arxiv.org/pdf/1710.10703.pdf,-562.833983013642,118.563273339815,12.9782,17.4329,,,,,,1.14006947583432E-14,36.9821876282796,1,,,7.75,,,BASS-DR2 (Koss+2022),2.0,-0.63,BASS-DR2 (Koss+2022),,45.3,BASS-DR2 (Koss+2022),,,,,7.13730152207789E-15,7.13730152207789E-15,44.7177750634656,45.8503705451176,-1.13259548165195,0.252578841011485,MRK1148
Mrk 1179,LEDA 9733,HSLA,0.037599,NED,404.496992539456,215.730766987482,38.343,27.937,,,,,,2.06328615813712E-15,13.5103321949362,1,,,,,,,,,,,,,,,,,1.35170779171608E-15,1.35170779171608E-15,43.5323518084804,,,0.0996756387785159,MRK1179
Mrk 1253,IRAS 10169-0304,HSLA,0.049986,NED,266.508764230596,142.710549498205,154.887,-3.3375,,,,,,4.01137107184991E-15,16.7694058940517,1,,,7.59,0.06,0.06,Husemann+2022,2.0,,,,,,,,,,2.62106167606307E-15,2.62106167606307E-15,44.0680002754955,45.6903705451176,-1.6223702696221,0.206302398298347,MRK-1253
Mrk 1392,SDSS J150556.55+034226.3,HSLA,0.0359,https://arxiv.org/pdf/1710.10703.pdf,59.3812117613829,58.7131517032289,226.486,3.70728,,,,,,1.67759018570134E-14,52.0656697770555,1,,,7.87,,,BASS-DR2 (Koss+2022),2.0,-1.47,BASS-DR2 (Koss+2022),,44.57,BASS-DR2 (Koss+2022),,,,,1.04388820220492E-14,1.04388820220492E-14,44.3677862188299,45.9703705451176,-1.60258432628766,0.434951262955601,MRK1392
Mrk 1513,UGCÂ 11763,HSLA,0.062,https://arxiv.org/pdf/1710.10703.pdf,-9.68066706248958,82.7545646621465,323.116,10.1385,,,,,,1.49504086594274E-14,45.1719966971769,1,,,7.4329004,0.05532563763,0.0633844131,Bentz & Katz 2015,1.0,-0.2646192165,Spectra 1450A,,,,,,,,9.9616844796031E-15,9.9616844796031E-15,44.832249667161,45.5332709451176,-0.701021277956528,0.346740782165037,MRK1513
Mrk 205,1ES 1219+75.5,FOS,0.0711,Sul,266.508764230596,77.4450890579026,185.433195833333,75.3105527777778,J12217+7518,,,,,1.55737336054881E-14,6.13854762042204,1,3.61,-73.0,8.57,,,BASS-DR2 (Koss+2022),2.0,-1.58,BASS-DR2 (Koss+2022),,45.16,BASS-DR2 (Koss+2022),,,,,1.20889908484388E-14,1.274E-14,45.0605706385198,46.6703705451176,-1.60979990659772,0.364461849240186,Mrk205
Mrk 231,UGC 8058,HSLA,0.04147,,2809.25213620055,5.06061939044064,194.059,56.8735,,,,,,1.47948718107139E-15,18.1358895714891,1,,,7.94,,,Kawakatu+2007,2.0,,,,,,,,,,7.76297670834138E-16,7.76297670834138E-16,43.3810796367346,46.0403705451176,-2.65929090838298,1.0320540002448,MRK-231
Mrk 279,PG 1351+695,HSLA,0.030451,NED,749.225546634994,294.169350986952,208.264,69.3082,,,,,,3.78223515706205E-15,14.0385140890768,1,,,7.434810059,0.09930753885,0.1328678892,Bentz & Katz 2015,1.0,-0.86,BASS-DR2 (Koss+2022),,44.75,BASS-DR2 (Koss+2022),,,,,2.76771071239105E-15,2.76771071239105E-15,43.6542451301206,45.5351806041176,-1.88093547399696,0.0201239236276916,MRK-279
Mrk 290,PG 1534+580,HSLA,0.0302,https://arxiv.org/pdf/1710.10703.pdf,-78.7812685546023,142.278852847343,233.968,57.9025,,,,,,1.33093237737549E-14,49.3355957244216,1,,,7.277354298,0.06090863083,0.06085540668,Bentz & Katz 2015,1.0,-0.94,BASS-DR2 (Koss+2022),,44.51,BASS-DR2 (Koss+2022),,,,,9.37000937744832E-15,9.37000937744832E-15,44.169671918926,45.3777248431176,-1.20805292419158,0.206388214603797,MRK290
Mrk 335,PG 0003+199,HSLA,0.025418,NED,-147.881870046715,120.409093363151,1.58125,20.2028,,,,,,1.89844530203064E-14,25.3000664786039,1,,,7.230111249,0.04168350503,0.04407855716,Bentz & Katz 2015,1.0,-1.17,BASS-DR2 (Koss+2022),,44.24,BASS-DR2 (Koss+2022),,,,,1.38738000500189E-14,1.38738000500189E-14,44.1870752149514,45.3304817941176,-1.14340657916618,0.249425091786248,MRK-335
Mrk 352,2E 244,HSLA,0.01486,NED,128.443090585211,316.103168493558,14.9721,31.827,,,,,,2.48982030479867E-15,2.10267159037725,1,,,7.56,,,BASS-DR2 (Koss+2022),2.0,-1.77,BASS-DR2 (Koss+2022),,43.96,BASS-DR2 (Koss+2022),,,,,2.13386316793047E-15,2.13386316793047E-15,42.9177507310972,45.6603705451176,-2.7426198140204,2.57448916346437E-4,MRK352
Mrk 478,PG 1440+356,FOS,0.0771,Sul,818.132534785861,27.2814794444696,220.531074166667,35.4397413888889,J14421+3526,,,,,3.49288215752847E-14,17.9336993251184,0,4.34,-351.0,7.01,0.43,0.43,Kelly&Bechtold2007,2.0,,,,,,,,,,1.65433997739055E-14,1.65433997739055E-14,45.2455658667255,45.1103705451176,0.135195321607959,0.641788106188869,Mrk0478
Mrk 493,UGC 10120,STIS,0.0313,Sul,197.485608074964,86.57011135333,239.7903125,35.0298166666667,J15591+3501,,,,,3.98466825853387E-15,11.1739018633463,1,0.77,32.0,6.2,,,Greene&Ho2007b,2.0,,,,,,,,,,2.63149737358779E-15,2.63149737358779E-15,43.6567261415206,44.3003705451176,-0.643644403596959,0.335498846151261,J15591+3501
Mrk 509,1H 2041-108,STIS,0.0344,Sul,197.485608074964,116.997745211344,311.040700555556,-10.7234569444444,J20441-1043,,,,,4.39994730913852E-14,18.0801256643414,1,8.0,-457.0,8.049,0.035,0.035,Bentz & Katz 2015,1.0,-0.96,BASS-DR2 (Koss+2022),,45.27,BASS-DR2 (Koss+2022),,,,,4.49975767474272E-14,3.1E-14,44.7967687276561,46.1493705451176,-1.35260181746143,0.257556186727509,Mrk509
Mrk 813,SDSS J142725.04+194952.2,FOS,0.1105,Sul,-147.881870046715,129.405921269993,216.854166666667,19.8308333333333,J14274+1949,,,,,,,1,1.77,-217.0,8.51,,,BASS-DR2 (Koss+2022),2.0,-1.22,BASS-DR2 (Koss+2022),,45.46,BASS-DR2 (Koss+2022),,,,,7.77308683542544E-15,7.77308683542544E-15,45.2497234748325,46.6103705451176,-1.36064707028507,0.230781499427549,Mrk813
Mrk 817,UGC 9412,HSLA,0.031328,NED,59.3812117613829,67.5781246190224,219.092,58.7943,,,,,,5.51861017205818E-14,79.7381740936211,1,,,7.586161559,0.06356107414,0.07183207302,Bentz & Katz 2015,1.0,-1.16,BASS-DR2 (Koss+2022),,44.6,BASS-DR2 (Koss+2022),,,,,3.28650944875053E-14,3.28650944875053E-14,44.7396777726097,45.6865321041176,-0.946854331507879,0.399303269252346,MRK817
Mrk 841,PGÂ 1501+106,HSLA,0.036422,NED,-9.68066706248958,130.684015487287,226.005,10.4378,,,,,,1.96074183340612E-14,37.1728942559439,1,,,8.16,,,BASS-DR2 (Koss+2022),2.0,-1.42,BASS-DR2 (Koss+2022),,44.92,BASS-DR2 (Koss+2022),,,,,1.30928657395549E-14,1.30928657395549E-14,44.4775814298745,46.2603705451176,-1.78278911524308,0.228528821409524,MRK841
Mrk 876,PGÂ 1613+658,HSLA,0.129,NED,542.446498180031,24.9482506578677,243.489,65.7195,,,,,,2.97963267738081E-14,82.1517077546189,1,,,8.339,0.164,0.271,Bentz & Katz 2015,1.0,-0.94,BASS-DR2 (Koss+2022),,45.58,BASS-DR2 (Koss+2022),,,,,1.79676522197319E-14,1.79676522197319E-14,45.7518909249644,46.4393705451176,-0.687479620153141,0.628414830499091,MRK876
NGC 1275,3C 84,FOS,0.0175,Sul,-7209.94785347343,63.0370568444038,49.9506669444444,41.5116952777778,J03198+4130,,,,,9.84649379949897E-16,1.98313286791713,0,0.29,-190.0,8.6,,,BASS-DR2 (Koss+2022),2.0,-2.23,BASS-DR2 (Koss+2022),,44.55,BASS-DR2 (Koss+2022),,,,,4.75811263538479E-16,4.75811263538479E-16,42.4164468176109,46.7003705451176,-4.28392372750667,0.402521380706671,NGC1275
NGC 1566,1ES 0418-55.0,FOS,0.0051,Sul,-562.833983013642,90.2752615023664,65.0017458333333,-54.9378083333333,J04200-5456,,,,,2.15438040391969E-15,2.15722678799721,0,0.18,993.0,6.83,,,BASS-DR2 (Koss+2022),2.0,-2.27,BASS-DR2 (Koss+2022),,42.73,BASS-DR2 (Koss+2022),,,,,1.44537211512145E-15,2.279E-15,42.0228363274175,44.9303705451176,-2.90753421770003,0.323098390013929,NGC1566
NGC 2841,SDSSÂ J091957.60+510609.5,FOS,0.5563,Sul,1574.94772439789,16.1367210793196,139.990008888889,51.1026711111111,J09199+5106,091957.60+510609.6,7290.0,57073.0,366.0,4.43938374267659E-15,17.0408884715157,1,1.46,-1931.0,8.26,0.43,0.43,Kelly&Bechtold2007,2.0,,,,,,,,,,2.37232222120948E-15,2.37232222120948E-15,46.317314907275,46.3603705451176,-0.0430556378426061,0.801347688738188,NGC2841
NGC 3227,UGC 5620,STIS,0.0039,Sul,59.3812117613829,120.560104850308,155.877375,19.8650833333333,J10235+1951,,,,,4.42271566736112E-16,3.38286060002324,1,0.08,-195.0,6.684406019,0.081374657,0.1018828201,Bentz & Katz 2015,1.0,-1.28,BASS-DR2 (Koss+2022),,43.67,BASS-DR2 (Koss+2022),,,,,4.85784931188164E-15,4.85784931188164E-15,42.116479468164,44.7847765641176,-2.66829709595357,0.249532362168059,NGC3227
NGC 3516,UGCÂ 6153,HSLA,0.0088,Sul,-217.001832872948,143.706114730615,166.697891666667,72.5685277777778,J11067+7234,,,,,1.17176795844084E-14,35.531209203496,1,3.6,68.0,7.39864608,0.03576825226,0.05766907172,Bentz & Katz 2015,1.0,-1.41,BASS-DR2 (Koss+2022),,44.16,BASS-DR2 (Koss+2022),,,,,9.34737678386048E-15,9.34737678386048E-15,43.0978029693772,45.4990166251176,-2.40121365574037,0.203513368371269,NGC-3516
NGC 3783,1ES 1136-37.4,FOS,0.0095,Sul,-78.7812685546023,82.1951906927418,174.757170833333,-37.7385,J11390-3744,,,,,6.9998988821079E-14,17.5865140289137,1,15.42,-200.0,7.079218703,0.05387104296,0.06176140956,Bentz & Katz 2015,1.0,-1.2,BASS-DR2 (Koss+2022),,44.35,BASS-DR2 (Koss+2022),,,,,3.90337528175967E-14,3.90337528175967E-14,43.7764914386813,45.1795892481176,-1.40309780943629,0.348349837892199,NGC3783
NGC 4051,UGCÂ 7030,HSLA,0.002336,NED,59.3812117613829,124.286485135277,180.79,44.5313,,,,,,9.63504383759119E-15,19.8798719106425,1,,,5.890722687,0.08446039493,0.1446647107,Bentz & Katz 2015,1.0,-1.72,BASS-DR2 (Koss+2022),,42.59,BASS-DR2 (Koss+2022),,,,,7.82172435984023E-15,7.82172435984023E-15,41.8802422172004,43.9910932321176,-2.11085101491712,0.241637262066791,NGC-4051
NGC 4253,Mrk 766,STIS,0.0124,Sul,-9.68066706248958,70.2226221944679,184.61035,29.8128194444444,J12184+2948,,,,,2.34167944367405E-16,2.73109957675705,0,0.03,-590.0,6.822311973,0.05009606829,0.05696458712,Bentz & Katz 2015,1.0,-1.25,BASS-DR2 (Koss+2022),,43.75,BASS-DR2 (Koss+2022),,,,,1.3342049225991E-16,1.3342049225991E-16,41.572841655265,44.9226825181176,-3.3498408628526,0.389219853362127,NGC4253
NGC 4395,UGCÂ 7524,STIS,8.0E-4,Sul,-355.280481193698,135.732586313662,186.453841666667,33.54675,J12258+3332,,,,,7.56354509648007E-16,5.34543119690675,0,0.24,176.0,5.449,0.13,0.145,Bentz & Katz 2015,1.0,-1.95,BASS-DR2 (Koss+2022),,41.68,BASS-DR2 (Koss+2022),,,,,5.59091599110214E-16,5.59091599110214E-16,39.8298421835061,43.5493705451176,-3.71952836161146,0.218016323992075,NGC4395
NGC 5548,Mrk 1509,FOS,0.0168,Sul,335.512559052064,638.15323270176,214.497970833333,25.1367916666667,J14179+2508,,,,,7.65783350420626E-15,6.72628939332294,1,3.0,309.0,7.691784719,0.01583586519,0.01610130552,Bentz & Katz 2015,1.0,-1.37,BASS-DR2 (Koss+2022),,44.52,BASS-DR2 (Koss+2022),,,,,5.99337506430384E-15,8.51E-15,43.6170875187222,45.7921552641176,-2.17506774539535,0.0,NGC5548
NGC 7469,Mrk 1514,FOS,0.016,Sul,-147.881870046715,99.0418475890438,345.815308333333,8.87368888888889,J23032+0852,,,,,3.12059410874766E-14,21.4604537731972,1,5.12,104.0,7.09,0.06,0.06,Peterson+2004,1.0,,,,,,,,,,2.30795496558896E-14,2.30795496558896E-14,44.0023668864656,45.1903705451176,-1.18800365865192,0.299970895695512,NGC7469
NGC 863,MrkÂ 590,HSLA,0.026385,NED,-217.001832872948,336.613585658053,33.6399,-0.766744,,,,,,2.12889322270041E-15,19.1573732454788,1,,,7.57,0.062,0.074,Bentz & Katz 2015,1.0,-1.51,BASS-DR2 (Koss+2022),,44.24,BASS-DR2 (Koss+2022),,,,,1.74446299134316E-15,1.74446299134316E-15,43.3309635077219,45.6703705451176,-2.33940703739571,0.0,NGC-863
NGC 985,Mrk 1048,HSLA,0.04271,NED,59.3812117613829,63.6017639788087,38.6578,-8.78806,,,,,,3.66088729587141E-14,40.352121880587,1,,,8.4,0.0,0.0,Giustini & Proga 2019,2.0,-1.301029996,Giustini & Proga 2019,,44.97,BASS-DR2 (Koss+2022),,,,,2.3194763835177E-14,2.3194763835177E-14,44.8631443635223,46.5003705451176,-1.6372261815953,0.414986199073089,NGC-985
PB 7192,PKS 2243-123,FOS,0.6255,Sul,-355.280481193698,47.6629999847098,341.5759875,-12.1142477777778,J22463-1206,,,,,3.23140574050247E-15,14.3084704481948,1,1.54,451.0,8.41,0.43,0.43,Kelly&Bechtold2007,2.0,,,,,,,,,,1.79593451569731E-15,1.79593451569731E-15,46.3198605360359,46.5103705451176,-0.190510009081628,0.460559711477788,J22463-1206
PDS 456,IRAS 17254-1413,HSLA,0.185,https://arxiv.org/pdf/1710.10703.pdf,4651.15393551384,15.8311574946139,262.082,-14.2656,,,,,,4.83105958856002E-15,14.1754994307525,1,,,9.0,0.0,0.0,Giustini & Proga 2019,2.0,-0.09691001301,Giustini & Proga 2019,,,,,,,,2.55492829039129E-15,2.55492829039129E-15,45.2546751307312,47.1003705451176,-1.84569541438632,1.17927787604795,PDS456
PG 0026+129,2E 93,FOS,0.1451,Sul,-78.7812685546023,22.8021748367098,7.30709166666667,13.2677458333333,J00292+1316,,,,,1.16651147387527E-14,10.536237967863,1,2.82,-501.0,8.487,0.096,-0.119,Bentz & Katz 2015,1.0,-0.98,BASS-DR2 (Koss+2022),,45.68,BASS-DR2 (Koss+2022),,,,,6.78406224884448E-15,7.3E-15,45.4754504182969,46.5873705451176,-1.11192012682062,0.580590781654663,PG0026+129
PG 0044+030,PHL 828,FOS,0.6231,Sul,611.392208999139,71.7188178637169,11.774625,3.33194444444444,J00470+0319,,,,,2.44111105398527E-15,8.27656368794573,1,1.09,-750.0,9.07,0.43,0.43,Kelly&Bechtold2007,2.0,,,,,,,,,,1.46003952885376E-15,1.46003952885376E-15,46.2271045838507,47.1703705451176,-0.943265961266853,0.385036308471505,PG0044+030
PG 0052+251,1ES 0052+25.1,FOS,0.1543,Sul,335.512559052064,105.148633362236,13.7172119444444,25.4274838888889,J00548+2525,,,,,1.31651693418399E-14,8.93667539192189,1,2.11,-800.0,8.462,0.083,0.094,Bentz & Katz 2015,1.0,-0.87,BASS-DR2 (Koss+2022),,45.77,BASS-DR2 (Koss+2022),,,,,7.49755384362458E-15,7.49755384362458E-15,45.5445262095543,46.5623705451176,-1.01784433556327,0.285467940074688,PG0052+251
PG 0454-22,1ES 0454-22.0,FOS,0.5346,Sul,-286.141157033345,63.6905449265151,74.0371966666667,-21.9859841666667,J04561-2159,,,,,4.464002548448E-15,44.0059294194799,1,1.99,110.0,8.73,0.43,0.43,Kelly&Bechtold2007,2.0,,,,,,,,,,2.57276640964001E-15,2.57276640964001E-15,46.3109250890675,46.8303705451176,-0.519445456050022,0.413934949331343,J04561-2159
PG 0637-752,1ES 0637-75.2,FOS,0.651,Sul,-562.833983013642,40.9823765541864,98.94381,-75.2713166666667,J06357-7516,,,,,3.0907610868966E-15,8.25669342589387,1,2.42,534.0,9.15,,,BASS-DR2 (Koss+2022),2.0,0.06,BASS-DR2 (Koss+2022),,47.38,BASS-DR2 (Koss+2022),,,,,1.8071429359288E-15,1.8071429359288E-15,46.3642364243166,47.2503705451176,-0.886134120800925,0.47239901494075,J06357-7516
PG 0804+761,2E 1919,HSLA,0.1,NED,197.485608074964,17.4024392523484,122.744,76.0449,,,,,,6.45959981453977E-14,68.7587846767776,1,,,8.735,0.048,0.053,Bentz & Katz 2015,1.0,-1.51,BASS-DR2 (Koss+2022),,45.4,BASS-DR2 (Koss+2022),,,,,3.72458835219929E-14,3.72458835219929E-14,45.8297141927516,46.8353705451176,-1.00565635236601,0.655511737791298,PG0804+761
PG 0838+770,VII Zw 244,HSLA,0.132302,NED,542.446498180031,28.3701343243499,131.189,76.886,,,,,,6.45520775118399E-15,25.468076101779,1,,,8.154,,,Vestergaard&Peterson2006,2.0,,,,,,,,,,3.81167962525729E-15,3.81167962525729E-15,45.1108211356301,46.2543705451176,-1.14354940948744,0.606753633880899,VIIZW244
PGÂ 0923+20,Ton 1057,HSLA,0.1922,DR16,-632.050752510519,15.9916466200648,141.478,19.9014,,092554.71+195405.1,9561.0,57809.0,212.0,1.3089446904619E-14,14.1636326464741,1,,,8.94,,,Woo&Urry2002,2.0,,,,,,,,,,7.70781504118521E-15,7.70781504118521E-15,45.7643348683049,47.0403705451176,-1.27603567681266,0.583239483551034,QSO-B0923+201
PG 0947+396,SDSS J095048.38+392650.5,FOS,0.2067,Sul,266.508764230596,48.5404846553031,147.701604166667,39.4473733333333,J09508+3926,095048.38+392650.4,1277.0,52765.0,332.0,8.32897291882564E-15,21.3584017229706,1,1.61,-606.0,8.53,0.43,0.43,Kelly&Bechtold2007,2.0,,,,,,,,,,4.73437078512478E-15,4.73437078512478E-15,45.6250494958214,46.6303705451176,-1.00532104929616,0.489758459022985,PG0947+396
PG 0953+414,SDSS J095652.39+411522.2,FOS,0.2347,Sul,197.485608074964,53.6025432936562,149.218298333333,41.2561597222222,J09568+4115,,,,,1.3218250044419E-14,12.811259292097,1,2.39,-286.0,8.333343862,0.08236218063,0.107522097,Bentz & Katz 2015,1.0,-0.9691201173,Spectra 1450A,,,,,,,,6.92938271670945E-15,6.92938271670945E-15,45.9108468564457,46.4337144071176,-0.52286755067184,0.462658603775371,PG0953+414
PG 1001+054,SDSS J100420.13+051300.4,FOS,0.1611,Sul,1093.54751271396,37.072132483073,151.0839225,5.21680388888889,J10043+0513,100420.13+051300.4,995.0,52731.0,4.0,3.53476012807788E-15,10.5266392851443,1,0.6,-930.0,7.6,0.43,0.43,Kelly&Bechtold2007,2.0,,,,,,,,,,2.3764971505497E-15,2.3764971505497E-15,45.0926554959101,45.7003705451176,-0.607715049207506,0.618497380969359,PG1001+054
PG 1001+291,Ton 28,FOS,0.3298,Sul,1368.73015463254,14.6456574994182,151.010903055556,28.9265002777778,J10040+2855,100402.60+285535.3,10449.0,58137.0,658.0,1.0605199595631E-14,12.5698712882781,1,2.07,-1319.0,7.570177621,0.3746660759,0.1308438961,Bentz & Katz 2015,1.0,0.03472450561,Spectra 1450A,,,,,,,,5.45478709680865E-15,5.45478709680865E-15,46.1426133805027,45.6705481661176,0.472065214385161,0.796077581994777,PG1001+291
PG 1011-040,HE 1011-0403,HSLA,0.058314,NED,197.485608074964,10.7251978887471,153.586,-4.31124,,,,,,1.43875526278911E-14,46.1957756003282,1,,,7.317,0.079,0.097,Vestergaard&Peterson2006,2.0,-0.41,Laha+18,,1.08E45,Vasudevan+07,"SXW, Laor&Brandt02 have CIV EW <; IUE or HST?",,,,7.97038651316224E-15,7.97038651316224E-15,44.6818819552016,45.4173705451176,-0.735488589915931,0.740036753018542,PG1011-040
PG 1049-005,FBS 1049-005,FOS,0.3591,Sul,335.512559052064,49.6272596210069,162.964335,-0.854926111111111,J10518-0051,105151.44-005117.6,276.0,51909.0,251.0,4.6995217878318E-15,9.10893402910225,1,1.44,-453.0,9.18,0.085,0.106,Vestergaard&Peterson2006,2.0,,,,,,,,,,2.80661499826374E-15,2.80661499826374E-15,45.9429000864767,47.2803705451176,-1.33747045864089,0.490788937579371,PG1049-005
PG 1114+445,FBS 1114+444,FOS,0.1433,Sul,-493.636574850928,58.7872458334918,169.276635555556,44.2259125,J11171+4413,111706.39+441333.3,1365.0,53062.0,378.0,2.9306693955291E-15,12.8279580096779,1,0.56,351.0,8.591,0.081,0.099,Vestergaard&Peterson2006,2.0,,,,,,,,,,2.91766643387441E-15,2.91766643387441E-15,45.07070774173,46.6913705451176,-1.6206628033876,0.429155920733884,PG1114+445
PG 1115+407,FBS 1115+407,FOS,0.1536,Sul,680.318558484126,21.170377911521,169.626248888889,40.4317002777778,J11185+4025,111830.28+402554.0,1440.0,53084.0,204.0,8.58358809481274E-15,9.68749962615479,1,1.49,-383.0,7.82,0.43,0.43,Kelly&Bechtold2007,2.0,,,,,,,,,,4.56322849766189E-15,4.56322849766189E-15,45.3274329593283,45.9203705451176,-0.592937585789287,0.67188521296671,PG1115+407
PG 1116+215,Ton 1388,FOS,0.1765,Sul,1024.71796989958,36.2112086385464,169.786118333333,21.3216558333333,J11191+2119,111908.67+211917.9,6430.0,56299.0,516.0,3.6027229517307E-14,17.5000978454037,1,5.14,-700.0,7.55,0.43,0.43,Kelly&Bechtold2007,2.0,,,,,,,,,,1.61134253007605E-14,1.61134253007605E-14,45.9993201450235,45.6503705451176,0.348949599905922,0.615408876403721,PG1116+215
PG 1121+422,FBS 1121+423,FOS,0.2253,Sul,473.481426026803,41.4954568835452,171.163228055556,42.0291780555556,J11246+4201,112439.18+420145.0,1443.0,53055.0,358.0,8.10917795927497E-15,13.844980833217,1,1.52,-166.0,7.61,0.43,0.43,Kelly&Bechtold2007,2.0,,,,,,,,,,4.27742992691499E-15,4.27742992691499E-15,45.6645213540337,45.7103705451176,-0.0458491910838887,0.537360203843629,PG1121+422
PG 1126-041,Mrk 1298,HSLA,0.06,https://arxiv.org/pdf/1710.10703.pdf,59.3812117613829,31.4824794221284,172.32,-4.40208,,,,,,1.37368994354013E-14,29.7519221414498,1,,,7.99,0.0,0.0,Giustini & Proga 2019; Shang+18 (avg),2.0,-0.602,Giustini & Proga 2019; Laha+18 gives 0.293-0.672,,,,,,,,1.02623733324956E-14,1.02623733324956E-14,44.8156722820949,46.0903705451176,-1.27469826302263,0.544464475326671,PG1126-041
PG 1202+281,1ES 1202+28.1,FOS,0.1654,Sul,887.000800268488,352.137191242212,181.175458333333,27.90325,J12047+2754,120442.10+275411.8,6475.0,56337.0,302.0,1.84887047441449E-15,6.50363650220252,1,0.32,-876.0,8.1,,,BASS-DR2 (Koss+2022),2.0,-0.55,BASS-DR2 (Koss+2022),,45.73,BASS-DR2 (Koss+2022),,,,,1.70673251026285E-15,1.4E-15,44.8907000967451,46.2003705451176,-1.30967044837242,0.0,J12047+2754
PG 1211+143,PB 3894,FOS,0.0811,Sul,128.443090585211,44.7339421449316,183.573614166667,14.0536536111111,J12142+1403,,,,,2.09677770464586E-14,17.1372033871604,1,3.06,-89.0,6.72,0.43,0.43,Kelly&Bechtold2007,2.0,,,,,,,,,,1.38220184769843E-14,1.38220184769843E-14,45.2142611366689,44.8203705451176,0.39389059155129,0.494708322001837,PG1211+143
PG 1216+069,2E 2654,FOS,0.3322,Sul,128.443090585211,54.1111338012884,184.837216666667,6.64402111111111,J12193+0638,,,,,8.60817456649007E-15,14.5474393668987,1,1.79,279.0,8.0,0.43,0.43,Kelly&Bechtold2007,2.0,,,,,,,,,,4.92885534766472E-15,4.92885534766472E-15,46.1063853990955,46.1003705451176,0.00601485397789503,0.456715499174786,PG1216+069
PGÂ 1259+593,SDSSÂ J130112.93+590206.7,FOS,0.4776,Sul,3902.14136355421,7.13804986060372,195.303818888889,59.0351897222222,J13012+5902,130112.91+590206.6,957.0,52398.0,20.0,8.49711944948238E-15,23.4723044210334,1,2.4,-4325.0,7.91,0.43,0.43,Kelly&Bechtold2007,2.0,,,,,,,,,,4.63395619267059E-15,4.63395619267059E-15,46.4470964630513,46.0103705451176,0.436725917933735,1.09850325479831,SBS1259+593
PG 1302-102,PKS 1302-103,FOS,0.2783,Sul,335.512559052064,8.72919239603627,196.3875625,-10.5553963888889,J13055-1033,,,,,1.92658939172541E-14,18.8908971613723,1,3.87,215.0,8.65,,,BASS-DR2 (Koss+2022),2.0,-0.43,BASS-DR2 (Koss+2022),,46.39,BASS-DR2 (Koss+2022),,,,,1.07788733106385E-14,1.117E-14,46.2817938992556,46.7503705451176,-0.468576645861972,0.778339906190199,PG1302-102
PG 1307+085,1ES 1307+08.6,FOS,0.1546,Sul,-355.280481193698,61.9100085582755,197.445841666667,8.33006111111111,J13097+0819,130947.00+081948.2,1795.0,54507.0,457.0,9.83204687734486E-15,5.89616474076281,1,1.4,312.0,8.536858054,0.09373664326,0.1611949733,Bentz & Katz 2015,1.0,-1.69841683,Spectra 1450A,,,,,,,,5.49472959645303E-15,5.49472959645303E-15,45.4131459365323,46.6372285991176,-1.22408266258527,0.42112206491267,PG1307+085
PG 1309+355,Ton 1565,STIS,0.1821,Sul,-355.280481193698,38.122198408793,198.073958333333,35.2558611111111,J13122+3515,131217.75+351521.0,2016.0,53799.0,61.0,5.91794872786626E-15,4.5145468200832,1,1.6,-358.0,7.62,0.43,0.43,Kelly&Bechtold2007,2.0,,,,,,,,,,3.73724388216153E-15,3.73724388216153E-15,45.4026558045374,45.7203705451176,-0.317714740580151,0.489703870796827,J13122+3515
PG 1322+659,FBS 1322+659,FOS,0.1674,Sul,404.496992539456,49.1752993436747,200.9561975,65.6967272222222,J13238+6541,,,,,6.74913945471463E-15,30.1062536972024,1,1.2,-310.0,7.11,0.43,0.43,Kelly&Bechtold2007,2.0,,,,,,,,,,3.98250389370084E-15,3.98250389370084E-15,45.3501317212965,45.2103705451176,0.139761176178929,0.498882847167266,PG1322+659
PG 1351+640,FBS 1351+640,STIS,0.0882,Sul,128.443090585211,75.8804048644543,208.31598,63.7626944444444,J13532+6345,,,,,,,0,2.32,-126.0,8.48,,,Kaspi+2000,1.0,,,,,,,,,,1.14134312718525E-14,1.14134312718525E-14,45.20830696937,46.5803705451176,-1.37206357574757,0.369460649032572,PG1351+640
PG 1352+183,PB 4142,FOS,0.1508,Sul,404.496992539456,30.3311347296,208.648704166667,18.0881888888889,J13545+1805,135435.68+180517.4,2756.0,54508.0,228.0,8.21435053789935E-15,8.36984088894412,1,1.27,-372.0,8.423,0.081,0.099,Vestergaard&Peterson2006,2.0,,,,,,,,,,4.44981943887893E-15,4.44981943887893E-15,45.2993796058899,46.5233705451176,-1.22399093922765,0.582007732638232,PG1352+183
PG 1355-416,2E 3152,FOS,0.3145,Sul,-78.7812685546023,37.5270025958001,209.750789444444,-41.8813255555556,J13590-4152,,,,,8.5032665068507E-15,12.8138101102373,1,3.49,-1069.0,9.73,,,Woo&Urry2002,2.0,,,,,,,,,,4.81160452785247E-15,4.81160452785247E-15,46.0415980889152,47.8303705451176,-1.78877245620239,0.508059386076362,J13590-4152
PG 1402+26,Ton 182,FOS,0.1633,Sul,542.446498180031,16.8469171116998,211.317588055556,25.9261522222222,J14052+2555,,,,,1.77067917900932E-14,9.20799507362585,1,2.89,-719.0,7.35,0.43,0.43,Kelly&Bechtold2007,2.0,,,,,,,,,,8.9790465161788E-15,8.9790465161788E-15,45.675172402397,45.4503705451176,0.224801857279473,0.698452192276972,J14052+2555
PG 1404+226,2E 3189,FOS,0.0973,Sul,2055.57348271678,26.4913915848321,211.591168888889,22.3962813888889,J14063+2223,140621.89+222346.5,2784.0,54529.0,10.0,4.72098391817564E-15,9.07252871881423,0,0.62,-1537.0,6.889,0.08,0.098,Vestergaard&Peterson2006,2.0,,,,,,,,,,2.93287994891222E-15,2.93287994891222E-15,44.7153718761844,44.9893705451176,-0.273998668933196,0.771838100431993,PG1404+226
PG 1411+44,PB 1732,HSLA,0.089,http://quasar.square7.ch/fqm/1411+442.html,-217.001832872948,45.3010500190632,213.451,44.0039,,,,,,1.55765511760289E-14,43.5501208374764,1,,,8.539402218,0.1251788371,0.1688891258,Bentz & Katz 2015,1.0,-1.027349891,Spectra 1450A,,,,,,,,9.57325980066502E-15,9.57325980066502E-15,45.1411583158708,46.6397727631176,-1.49861444724679,0.472827829931869,QSO-B1411+4414
PG 1415+451,1ES 1415+45.1,FOS,0.1151,Sul,1093.54751271396,36.7792607964704,214.253441944444,44.935095,J14170+4456,141700.82+445606.3,1287.0,52728.0,296.0,9.94400589691742E-15,6.02744289740983,1,1.21,-771.0,7.61,0.43,0.43,Kelly&Bechtold2007,2.0,,,,,,,,,,4.93641748759026E-15,4.93641748759026E-15,45.0926838699843,45.7103705451176,-0.617686675133307,0.619811223979875,PG1415+451
PG 1416-129,1ES 1416-12.9,FOS,0.1294,Sul,404.496992539456,314.684949730984,214.765916666667,-13.1790833333333,J14190-1310,,,,,2.35350551713786E-15,2.49065890251412,1,0.57,-143.0,7.56,0.43,0.43,Kelly&Bechtold2007,2.0,,,,,,,,,,1.18236521931031E-15,1.18236521931031E-15,44.5885066246512,45.6603705451176,-1.07186392046641,0.0019952291016789,J14190-1310
PG 1425+267,Ton 202,STIS,0.3634,Sul,197.485608074964,99.4454877284786,216.898334444444,26.5374016666667,J14275+2632,142735.60+263214.5,2135.0,53827.0,340.0,2.80631089101444E-15,5.89201424457181,1,0.78,-563.0,7.85,0.43,0.43,Kelly&Bechtold2010,2.0,,,,,,,,,,1.63820276410082E-15,1.63820276410082E-15,45.7240955737405,45.9503705451176,-0.226274971377087,0.299627630473717,B21425+26
PG 1427+48,2MASS J14294306+4747262,FOS,0.2199,Sul,-355.280481193698,51.6699349787927,217.429455555556,47.7906047222222,J14297+4747,142943.07+474726.2,8434.0,57484.0,311.0,5.63000768695507E-15,25.1574792271759,1,1.07,426.0,7.65,0.43,0.43,Kelly&Bechtold2007,2.0,,,,,,,,,,3.11666871982113E-15,3.11666871982113E-15,45.5054121053191,45.7503705451176,-0.244958439798467,0.449375651413746,J14297+4747
PGÂ 1435-06,1ESÂ 1435-06.7,HSLA,0.126,https://arxiv.org/pdf/1507.06317.pdf,-424.458528022291,16.6430259077602,219.567,-6.97242,,,,,,1.23009852631558E-14,27.5440002934918,1,,,8.365,0.082,0.102,Vestergaard&Peterson2006,2.0,,,,,,,,,,7.68741575857104E-15,7.68741575857104E-15,45.3661803607146,46.4653705451176,-1.09919018440298,0.596738531516942,QSO-B1435-0645
PG 1444+407,2MASS J14464593+4035057,FOS,0.267,Sul,1437.4822521104,13.31794833385,221.691423888889,40.5849530555556,J14467+4035,144645.93+403505.7,1397.0,53119.0,190.0,1.34549948476456E-14,13.7930392069556,1,2.28,-1143.0,8.06,,,Woo&Urry2002,2.0,,,,,,,,,,7.0851581744108E-15,7.0851581744108E-15,46.0460124434574,46.1603705451176,-0.114358101660216,0.814438458315288,J14467+4035
PG 1448+27,RBS 1438,HSLA,0.065,https://arxiv.org/pdf/1507.06317.pdf,611.392208999139,21.6493463336211,222.786,27.1575,,,,,,4.13778036526584E-15,19.5399469189479,1,,,7.14,0.01,0.01,Rakshit+2020,2.0,,,,,,,,,,2.76147571402753E-15,2.76147571402753E-15,44.3246796156262,45.2403705451176,-0.915690929491383,0.660605945695628,SDSSJ145108.76+270926.9
PG 1538+47,2MASS J15393481+4735311,FOS,0.7723,Sul,473.481426026803,33.4691022654607,234.895083333333,47.592,J15395+4735,153934.80+473531.2,6729.0,56419.0,258.0,5.00777991884367E-15,21.7148638615904,1,2.42,-402.0,8.58,0.46,0.46,Kelly&Bechtold2007,2.0,,,,,,,,,,2.77524011606517E-15,2.77524011606517E-15,46.7273511067518,46.6803705451176,0.0469805616342782,0.572889947894903,J15395+4735
PG 1544+489,2MASS J15453022+4846088,FOS,0.3978,Sul,1712.33575134884,16.1372117249282,236.375999166667,48.769165,J15455+4846,154530.23+484608.9,8429.0,57893.0,896.0,4.49860474459875E-15,42.5732576549518,1,1.46,-1587.0,7.998,0.085,0.105,Vestergaard&Peterson2006,2.0,,,,,,,,,,2.75946314413011E-15,2.75946314413011E-15,46.0387365267789,46.0983705451176,-0.0596340183386985,0.814072209284582,J15455+4846
PG 1612+262,Ton 256,FOS,0.1308,Sul,-839.797867671753,80.9451208287653,243.554983055556,26.0711666666667,J16142+2604,161413.20+260416.2,1393.0,52824.0,35.0,5.35203100426307E-15,4.13235091455331,1,0.68,433.0,7.05,0.43,0.43,Kelly&Bechtold2007,2.0,,,,,,,,,,3.05380730981313E-15,3.05380730981313E-15,45.0051941742995,45.1503705451176,-0.145176370818071,0.350774148521124,J16142+2604
PG 1626+555,1ES 1626+55.4,FOS,0.1326,Sul,611.392208999139,58.5378014019823,246.98375,55.3754444444444,J16279+5522,,,,,,,1,2.06,-299.0,8.49,0.43,0.43,Kelly&Bechtold2007,2.0,,,,,,,,,,7.94939028661774E-15,7.94939028661774E-15,45.4279491172707,46.5903705451176,-1.16242142784692,0.469299694945466,J16279+5522
PG 2112+05,SDSS J211452.58+060742.4,STIS,0.4608,Sul,1368.73015463254,28.7105361901393,318.719113055556,6.128425,J21148+0607,,,,,4.37573417500196E-15,11.3012069157737,1,1.5,-1498.0,9.001,0.089,0.112,Vestergaard&Peterson2006,2.0,,,,,,,,,,2.93068167035573E-15,2.93068167035573E-15,46.2140553043722,47.1013705451176,-0.887315240745387,0.688873791512384,J21148+0607
PG 2128-123,PHL 1598,FOS,0.4996,Sul,-286.141157033345,73.896355559914,322.896923888889,-12.1179988888889,J21315-1207,,,,,5.62106072561036E-15,19.4889722761882,1,2.51,524.0,9.61,,,Woo&Urry2002,2.0,,,,,,,,,,3.61523911650809E-15,3.61523911650809E-15,46.3869348050805,47.7103705451176,-1.32343574003708,0.375467790413979,J21315-1207
PG 2135-148,PHL 1657,FOS,0.2004,Sul,-9.68066706248958,149.543291107858,324.4382625,-14.5487277777778,J21377-1432,,,,,4.06893230146928E-15,8.03978002682082,1,0.74,131.0,9.1,,,BASS-DR2 (Koss+2022),2.0,-1.22,BASS-DR2 (Koss+2022),,46.05,BASS-DR2 (Koss+2022),,,,,2.28863025687423E-15,2.28863025687423E-15,45.2838263735753,47.2003705451176,-1.91654417154223,0.193644493244686,J21377-1432
PG 2141+175,2E 4512,FOS,0.2106,Sul,-78.7812685546023,16.5701541275384,325.898125,17.7302211111111,J21435+1743,,,,,4.35376715842931E-15,5.97389264710132,1,1.49,309.0,8.24,0.43,0.43,Kelly&Bechtold2007,2.0,,,,,,,,,,2.17626227648657E-15,2.17626227648657E-15,45.3098731331649,46.3403705451176,-1.03049741195263,0.633904770464648,J21435+1743
Pictor A,1ES 0518-45.8,FOS,0.035,Sul,128.443090585211,209.118160317984,79.9572291666667,-45.7788055555556,J05198-4546,,,,,1.67654772661363E-15,4.66057115517464,1,0.18,-1111.0,6.77,,,BASS-DR2 (Koss+2022),2.0,-0.07,BASS-DR2 (Koss+2022),,44.88,BASS-DR2 (Koss+2022),,,,,1.07054160153077E-15,1.07054160153077E-15,43.3693608569074,44.8703705451176,-1.50100968821018,0.107163111428902,J05198-4546
PKS 0135-247,2E 447,STIS,0.835,Sul,-355.280481193698,28.9255993768602,24.4098530555556,-24.5149711111111,J01376-2430,,,,,1.34129001433685E-15,9.63055953974029,1,0.87,194.0,9.13,,,Woo&Urry2002,2.0,,,,,,,,,,7.73518139566765E-16,7.73518139566765E-16,46.2620820559861,47.2303705451176,-0.968288489131467,0.524806965974277,J01376-2430
PKS 2300-68,LEDA 2831589,FOS,0.5158,Sul,-424.458528022291,143.12932185084,345.931363888889,-68.1270719444444,J23037-6807,,,,,1.63290724737815E-15,10.9747114718704,1,0.63,142.0,7.62,0.43,0.43,Kelly&Bechtold2007,2.0,,,,,,,,,,1.05118460752588E-15,1.05118460752588E-15,45.8903571177392,45.7203705451176,0.16998657262166,0.204135536585772,J23037-6807
RBS 144,IRAS F00582-5130,HSLA,0.062817,NED,335.512559052064,25.5705750322349,15.113,-51.2318,,,,,,1.74304982138361E-14,36.6669910648042,1,,,7.86,,,Shields+2003,2.0,,,,,,,,,,1.01567447305713E-14,1.01567447305713E-14,44.8522786463478,45.9603705451176,-1.10809189876977,0.602886025387974,RBS144
RBS 1666,2MASS J20055299-4134423,HSLA,0.079632,NED,-78.7812685546023,52.7088335407441,301.471,-41.5784,,,,,,7.31370062148286E-15,37.1559173275064,1,,,,,,,,,,,,,,,,,4.74418759605647E-15,4.74418759605647E-15,44.7394089570474,,,0.453807823003559,RBS1666
RBS 1763,2MASS J21362309-6224005,HSLA,0.059,https://arxiv.org/pdf/1710.10703.pdf,197.485608074964,77.6325759514242,324.096,-62.4003,,,,,,2.86202670121217E-14,63.1463592739666,1,,,6.485721426,,,https://doi.org/10.1051/0004-6361/201832677,2.0,-0.1674910873,https://doi.org/10.1051/0004-6361/201832677,2.0,45.23,BASS-DR2 (Koss+2022),,,,,1.84737715539517E-14,1.84737715539517E-14,45.0526192347393,44.5860919711176,0.466527263621785,0.363689502491149,1H-2129-624
RBS 2005,2MASSÂ J23255424+2153140,HSLA,0.12,https://arxiv.org/pdf/1710.10703.pdf,266.508764230596,109.336934320487,351.476,21.8872,,,,,,5.69709112867797E-15,11.2774158654853,1,,,8.39,,,BASS-DR2 (Koss+2022),2.0,-0.9,BASS-DR2 (Koss+2022),,45.66,BASS-DR2 (Koss+2022),,,,,4.15762857661748E-15,4.15762857661748E-15,45.0575798813241,46.4903705451176,-1.43279066379351,0.275234345649934,RBS2005
RBS 563,2MASS J04382917-6147589,HSLA,0.069001,NED,266.508764230596,129.396138353189,69.6215,-61.7997,,,,,,3.28281587839906E-15,9.34755831147857,1,,,7.54,,,Shields+2003,2.0,,,,,,,,,,3.46176194138604E-15,3.46176194138604E-15,44.4751647409729,45.6403705451176,-1.1652058041447,0.231639662482034,RBS563
RBS 597,HE 0450-2958,FOS,0.2855,Sul,1093.54751271396,35.2293009782595,73.1253380555556,-29.8931183333333,J04525-2953,,,,,6.09925496958592E-15,28.4961155304017,1,1.41,-898.0,7.37,,,Kelly&Bechtold2007,2.0,,,,,,,,,,3.7869360205693E-15,3.7869360205693E-15,45.8433106454693,45.4703705451176,0.372940100351769,0.626921424118852,IRAS04505-2958
RBS 799,SDSS J094733.21+100508.7,HSLA,0.13954,DR16,-9.68066706248958,46.6730327987687,146.888,10.0858,,094733.21+100508.7,1305.0,52757.0,548.0,4.88178146906745E-15,11.2473774261548,1,,,7.83,0.04,0.04,Rakshit+2020,2.0,,,,,,,,,,2.91048180143315E-15,2.91048180143315E-15,45.0448190914689,45.9303705451176,-0.885551453648702,0.478453585954257,SDSSJ094733.21+100508.7
RBS 829,SDSS J100744.54+500746.6,HSLA,0.212331280112267,DR16,-9.68066706248958,132.396506277897,151.936,50.1296,,100744.55+500746.6,8175.0,57039.0,283.0,1.37240825249117E-15,1.36562105461972,1,,,7.78,0.07,0.07,Rakshit+2020,2.0,,,,,,,,,,8.85386993656545E-16,8.85386993656545E-16,44.9322830447166,45.8803705451176,-0.948087500400966,0.225160531420667,SDSSJ100744.54+500746.6
RBS 9,HE 0003-5023,HSLA,0.0333,https://arxiv.org/pdf/1710.10703.pdf,-355.280481193698,40.4577023673115,1.42938,-50.1151,,,,,,9.42691186246814E-15,40.3189567159023,0,,,,,,Tremou+2015,,,,,,,,,,,5.56415329270873E-15,5.56415329270873E-15,44.0320242940274,,,0.482093992694468,RXS-J00057-5007
RS 1952,SDSS J230845.59-091123.9,HSLA,0.193032,DR16,-424.458528022291,143.313862516405,347.19,-9.18999,,230845.60-091123.9,725.0,52258.0,632.0,2.08306666193187E-15,4.67318133343642,1,,,8.78,0.12,0.12,Rakshit+2020,2.0,,,,,,,,,,1.3360587098264E-15,1.3360587098264E-15,45.017322997427,46.8803705451176,-1.8630475476906,0.203813725440339,SDSSJ230845.59-091123.9
RX J0044.9+1026,TXS 0042+101,FOS,0.5857,Sul,-355.280481193698,373.031366325894,11.2446869444444,10.4480772222222,J00449+1026,,,,,1.68316962483025E-16,3.68383222101625,1,0.12,-37.0,9.22,,,Runnoe+2013,2.0,,,,,,,,,,1.31648677342979E-16,1.31648677342979E-16,45.1314268111084,47.3203705451176,-2.18894373400918,0.0,J00449+1026
RX J1230.8+0115,HE 1228+0131,HSLA,0.117,"Muzahid+2018,MNRAS",1368.73015463254,5.14737410817613,187.708,1.25597,,,,,,3.30743928808294E-14,74.3355383659774,1,,,7.87,,,"Kim,Im,&Kim2010",2.0,,,,,,,,,,1.86668152293187E-14,1.86668152293187E-14,45.677877434462,45.9703705451176,-0.292493110655542,0.906034006054567,RXJ1230.8+0115
SDSSÂ J004342.55+372520.0,1RXS J004343.6+372521,HSLA,0.08,https://arxiv.org/pdf/1710.10703.pdf,-493.636574850928,22.829231307675,10.9269,37.4219,,,,,,6.74119076266197E-15,25.4051156450155,1,,,,,,,,,,,,,,,,,3.75615106078986E-15,3.75615106078986E-15,44.643488696462,,,0.545539372502697,RXSJ00437+3725
SDSS J004354.98+423430.2,2MASS J00435499+4234302,HSLA,0.191,NED,-9.68066706248958,134.927064300692,10.9791,42.5751,,,,,,8.85816161251634E-16,3.48708074087679,1,,,,,,,,,,,,,,,,,5.96820289333849E-16,5.96820289333849E-16,44.6618260549205,,,0.220247547933738,Q0043+4234
SDSS J005050.74+353642.9,2MASS J00505073+3536429,HSLA,0.058,https://arxiv.org/pdf/1710.10703.pdf,-147.881870046715,65.6728442356431,12.7114,35.6119,,,,,,9.74744354117645E-15,33.8644605166756,1,,,7.5,,,Bachev+2008,2.0,,,,,,,,,,6.0473474578382E-15,6.0473474578382E-15,44.5587185231753,45.6003705451176,-1.04165202194226,0.40627584407005,RXSJ00508+3536
SDSS J005346.15+223222.3,2MASSÂ J00534614+2232224,HSLA,0.149,DR16,1024.71796989958,37.777810086684,13.4423,22.5395,,005346.15+223222.3,7620.0,56904.0,603.0,3.27231083183193E-15,9.79147440136823,1,,,7.78,0.08,0.08,Rakshit+2020,2.0,,,,,,,,,,2.08640368306145E-15,2.08640368306145E-15,44.9634862485502,45.8803705451176,-0.916884296567361,0.608422348362535,RXSJ00537+2232
SDSS J015530.02-085704.0,2MASSÂ J01553002-0857040,HSLA,0.165,DR16,-147.881870046715,127.957472725508,28.8752,-8.9511,,015530.02-085704.0,7184.0,56629.0,734.0,1.55252668057369E-15,1.99629971948395,1,,,8.57,0.13,0.13,Rakshit+2020,2.0,,,,,,,,,,1.00627147699669E-15,1.00627147699669E-15,44.7468803985246,46.6703705451176,-1.92349014659298,0.2336992538128,SDSSJ015530.02-085704.0
SDSS J015536.03+311518.0,1RXS J015536.7+311525,HSLA,0.133373767137527,DR16,-770.523014172515,88.3087686600693,28.9001,31.255,,015536.03+311518.0,7737.0,57722.0,520.0,1.33730346715586E-15,10.7702413352406,0,,,7.77,0.08,0.08,WuShen2022,2.0,,,,,,,,,,1.34907066937362E-15,1.34907066937362E-15,44.6731531620577,45.8703705451176,-1.19721738305983,0.328376092799022,RXSJ0155.6+3115
SDSS J075620.08+304535.3,[VV2006]Â J075620.1+304535,HSLA,0.235748,DR16,542.446498180031,72.5398400634556,119.084,30.7598,,075620.07+304535.4,1061.0,52641.0,293.0,4.39063369478915E-16,1.74623090337629,1,,,8.3,0.02,0.02,Rakshit+2020,2.0,,,,,,,,,,2.47189391514702E-16,2.47189391514702E-16,44.4864661088339,46.4003705451176,-1.91390443628369,0.381946921475352,SDSSJ075620.08+304535.3
SDSS J084349.75+261910.7,IRAS F08407+2630,HSLA,0.2571,DR16,-9.68066706248958,41.1592134587196,130.957,26.3197,,084349.75+261910.7,11123.0,58429.0,37.0,2.38485077681489E-15,2.9909633779705,1,,,7.83,0.02,0.02,Rakshit+2020,2.0,,,,,,,,,,1.40334703976501E-15,1.40334703976501E-15,45.3150889721276,45.9303705451176,-0.615281572989964,0.498836165605712,J084349.75+261910.7
SDSS J085334.25+434902.3,2MASS J08533423+4349023,FOS,0.5149,Sul,1162.37705552831,37.7374840282613,133.392651388889,43.8172305555556,J08535+4349,085334.23+434902.3,8281.0,57042.0,160.0,2.25026881093507E-15,10.278124193718,1,0.79,-1345.0,8.69,,,Decarli+2010,2.0,,,,,,,,,,1.24525759744872E-15,1.24525759744872E-15,45.9611736956731,46.7903705451176,-0.829196849444507,0.622507895650569,J08535+4349
SDSSÂ J093653.84+533126.9,2MASSÂ J09365385+5331268,HSLA,0.227580606937408,DR16,-909.072721170991,16.6597370208177,144.224,53.5241,,093653.84+533126.8,7286.0,57096.0,113.0,9.75836478688498E-16,1.72605794139106,0,,,8.84,0.04,0.04,WuShen2022,2.0,,,,,,,,,,4.83053800720649E-16,4.83053800720649E-16,44.7394774190038,46.9403705451176,-2.20089312611376,0.555107795234046,NEWQZ027
SDSS J115758.72-002220.8,2MASS J11575874-0022208,HSLA,0.260354,DR16,680.318558484126,25.2034753319227,179.495,-0.372472,,115758.72-002220.9,285.0,51930.0,280.0,,,0,,,8.63,0.04,0.04,Rakshit+2020,2.0,,,,,,,,,,9.81452431264873E-16,9.81452431264873E-16,45.1741148870535,46.7303705451176,-1.55625565806405,0.641109712311985,SDSSJ115758.72-002220.8
SDSS J122534.79-024757.1,2MASSÂ J12253479-0247571,HSLA,0.195419,DR16,59.3812117613829,49.9507640800062,186.395,-2.79919,,122534.79-024757.1,334.0,51993.0,234.0,1.0100887908043E-15,3.3389672648365,1,,,7.8,0.03,0.03,Rakshit+2020,2.0,,,,,,,,,,5.53021082974637E-16,5.53021082974637E-16,44.6509969511812,45.9003705451176,-1.24937359393636,0.470043829620379,SDSSJ122534.79-024757.1
SDSS J123235.82+060310.0,2MASSÂ J12323582+0603098,HSLA,0.083473,NED,128.443090585211,35.8189263658077,188.149,6.05277,,,,,,3.14731366070455E-15,33.7419854498528,1,,,,,,,,,,,,,,,,,1.80863081642417E-15,1.80863081642417E-15,44.3687307917541,,,0.530714323337739,SDSSJ123235.82+060310.0
SDSS J132059.41+295728.1,2MASS J13205941+2957282,HSLA,0.206057116389275,DR16,-1116.9940883393,22.8272806584066,200.248,29.9578,,132059.42+295728.1,11401.0,58491.0,331.0,6.22939990107409E-16,2.16341965120861,0,,,8.44,0.101,0.101,Rakshit+2020,2.0,,,,,,,,,,3.51030959377272E-16,3.51030959377272E-16,44.5069452232281,46.5403705451176,-2.03342532188942,0.509256060710026,J132059.41+295728.1
SDSS J132144.97+033055.7,2MASS J13214497+0330558,HSLA,0.268833,DR16,-78.7812685546023,103.918631128062,200.437,3.51547,,132144.97+033055.7,526.0,52312.0,537.0,,,1,,,8.58,0.03,0.03,Rakshit+2020,2.0,,,,,,,,,,1.75047449573803E-15,1.75047449573803E-15,45.4534759230259,46.6803705451176,-1.22689462209162,0.287677709939991,SDSSJ132144.97+033055.7
SDSS J135712.61+170444.1,2MASS J13571260+1704439,HSLA,0.15,https://arxiv.org/pdf/1507.06317.pdf,-424.458528022291,56.6225020249594,209.303,17.0789,,,,,,3.38186173834457E-15,14.7184612624564,1,,,8.36,0.09,0.09,Rakshit+2020,2.0,,,,,,,,,,2.09617162231722E-15,2.09617162231722E-15,44.9717584304196,46.4603705451176,-1.488612114698,0.435146948813187,SDSSJ135712.61+170444.1
SDSS J152139.66+033729.2,2MASS J15213967+0337292,HSLA,0.1265,DR16,-424.458528022291,202.671177087803,230.415,3.6248,,152139.66+033729.2,592.0,52025.0,376.0,1.49922119482247E-15,4.83545535612473,0,,,8.52,,,BASS-DR2 (Koss+2022),2.0,-1.07,BASS-DR2 (Koss+2022),,45.63,BASS-DR2 (Koss+2022),,,,,1.00055219425E-15,1.00055219425E-15,44.4959122233474,46.6203705451176,-2.12445832177015,0.114135686246597,SDSSJ152139.66+033729.2
SDSS J161711.42+063833.4,2MASSÂ J16171142+0638333,HSLA,0.229454,DR16,128.443090585211,345.313168884249,244.298,6.64264,,161711.42+063833.4,1732.0,53501.0,251.0,4.0424898095459E-16,0.893915713395192,1,,,8.23,0.03,0.03,Rakshit+2020,2.0,,,,,,,,,,2.82027561394323E-16,2.82027561394323E-16,44.5167650238519,46.3303705451176,-1.81360552126569,0.0,SDSSJ161711.42+063833.4
SDSS J163013.56+375821.7,2MASS J16301357+3758217,FOS,0.3945,Sul,-1186.34638717507,103.07793449166,247.556553333333,37.97269,J16303+3756,163013.57+375821.7,5195.0,56048.0,622.0,2.26240355152018E-16,1.19240916258669,0,0.04,941.0,9.3,0.05,0.05,Rakshit+2020 (MgII),2.5,,,,,,,,,,1.15641375778375E-16,1.15641375778375E-16,44.6706510140219,47.4003705451176,-2.72971953109563,0.287527531405455,J16303+3756
SDSS J165958.94+620218.1,2MASSÂ J16595894+6202181,HSLA,0.232715,DR16,335.512559052064,54.1797190681479,254.996,62.0384,,165958.93+620218.2,351.0,51780.0,476.0,1.57429475489542E-15,5.54422220292399,1,,,8.4,0.05,0.05,Rakshit+2020,2.0,,,,,,,,,,8.0597670854974E-16,8.0597670854974E-16,44.9804845678815,46.5003705451176,-1.51988597723607,0.469299694945466,Q1659+6202
SDSS J171448.50+332738.3,2MASS J17144850+3327383,HSLA,0.1812,DR16,-632.050752510519,171.813393925917,258.702,33.4606,,171448.50+332738.3,2973.0,54591.0,190.0,6.4771871635065E-16,1.06052111869071,1,,,8.46,0.02,0.02,Rakshit+2020,2.0,,,,,,,,,,4.83644256022496E-16,4.83644256022496E-16,44.5215545015914,46.5603705451176,-2.0388160435262,0.156464578909099,NEWQZ013
SDSS J235152.80+261932.6,RBS 2055,HSLA,0.04,"Wei,J+1999; A&AS",680.318558484126,141.365023408172,357.97,26.3257,,,,,,5.91858848611241E-15,39.5760575490943,1,,,,,,,,,,,,,,,,,3.87433915718038E-15,3.87433915718038E-15,44.0382456196215,,,0.209584871981756,RBS2055
Ton S 180,PHL 912,STIS,0.062,Sul,542.446498180031,18.5353717713162,14.3341738888889,-22.3823444444444,J00573-2222,,,,,3.11660404244289E-14,18.9157745839719,1,4.01,-801.0,7.06,,,Wang&Lu2001,2.0,,,,,,,,,,1.79945818299732E-14,1.79945818299732E-14,45.0856944462177,45.1603705451176,-0.0746760988999,0.681285992647578,TONS180
Ton S 210,1ESÂ 0119-28.6,HSLA,0.116,https://arxiv.org/pdf/1507.06317.pdf,266.508764230596,26.3740280054474,20.4646,-28.3494,,,,,,2.64390903693025E-14,37.9755132787355,1,,,8.18,,,BASS-DR2 (Koss+2022),2.0,-0.87,BASS-DR2 (Koss+2022),,45.48,BASS-DR2 (Koss+2022),,,,,1.52009869344809E-14,1.52009869344809E-14,45.5819277912687,46.2803705451176,-0.698442753848916,0.590919208281192,TONS210
UKS 0242-72.4,2MASS J02430960-7216482,HSLA,0.102,NED,404.496992539456,34.4281276556572,40.79,-72.2801,,,,,,7.77326433737367E-15,16.487282135748,1,,,,,,,,,,,,,,,,,4.4965792730059E-15,4.4965792730059E-15,44.9416695953922,,,0.561679181262133,UKS-0242-724
VIII Zw 233,SDSSÂ J130534.49+181932.9,HSLA,0.118,DR16,-217.001832872948,32.8959080160079,196.394,18.3258,,130534.49+181932.8,2603.0,54479.0,443.0,2.21559090766282E-15,3.68169302958123,1,,,8.38,0.08,0.08,Rakshit+2020,2.0,,,,,,,,,,1.16730780067608E-15,1.16730780067608E-15,44.497619774546,46.4803705451176,-1.98275077057155,0.517154944942903,NEWQZ004
WPVS 7,HE 0036-5133,HSLA,0.029,Sul,1299.95869582056,23.0224119767188,9.81595,-51.2837,J00392-5117,,,,,5.68312990342955E-15,48.4663285689324,1,0.2,-78.0,6.61,,,Leighly+2009,2.0,,,,,,,,,,3.97416280997277E-15,3.97416280997277E-15,43.7665374496389,44.7103705451176,-0.943833095478702,0.719952185327075,QSO-003916-511701
